-- phpMyAdmin SQL Dump
-- version 4.8.3
-- https://www.phpmyadmin.net/
--
-- Servidor: localhost
-- Tiempo de generación: 03-07-2019 a las 17:01:07
-- Versión del servidor: 5.5.61
-- Versión de PHP: 5.6.38

SET SQL_MODE = "NO_AUTO_VALUE_ON_ZERO";
SET AUTOCOMMIT = 0;
START TRANSACTION;
SET time_zone = "+00:00";


/*!40101 SET @OLD_CHARACTER_SET_CLIENT=@@CHARACTER_SET_CLIENT */;
/*!40101 SET @OLD_CHARACTER_SET_RESULTS=@@CHARACTER_SET_RESULTS */;
/*!40101 SET @OLD_COLLATION_CONNECTION=@@COLLATION_CONNECTION */;
/*!40101 SET NAMES utf8mb4 */;

--
-- Base de datos: `app_db`
--

-- --------------------------------------------------------

--
-- Estructura de tabla para la tabla `coins`
--

CREATE TABLE `coins` (
  `id` int(11) NOT NULL,
  `name` varchar(500) NOT NULL,
  `id_pais` int(11) NOT NULL,
  `symbol` varchar(10) DEFAULT NULL,
  `code` varchar(10) DEFAULT NULL,
  `creation_date` datetime DEFAULT NULL
) ENGINE=InnoDB DEFAULT CHARSET=latin1;

--
-- Volcado de datos para la tabla `coins`
--

INSERT INTO `coins` (`id`, `name`, `id_pais`, `symbol`, `code`, `creation_date`) VALUES
(1, 'SOLES', 174, 'S/', 'PEN', '2008-11-01 17:48:20'),
(2, 'DOLARES AMERICANOS', 174, '$', 'USD', '2018-08-08 00:00:00');

-- --------------------------------------------------------

--
-- Estructura de tabla para la tabla `companys`
--

CREATE TABLE `companys` (
  `id` int(11) NOT NULL,
  `code` varchar(100) DEFAULT NULL,
  `name` varchar(500) NOT NULL,
  `ruc` varchar(11) NOT NULL,
  `ubigeo` varchar(100) DEFAULT NULL,
  `direction` varchar(2500) DEFAULT NULL,
  `anexo` varchar(45) DEFAULT NULL,
  `telephone` varchar(45) DEFAULT NULL,
  `email` varchar(50) DEFAULT NULL,
  `database_name` varchar(250) DEFAULT NULL,
  `database_user` varchar(250) DEFAULT NULL,
  `database_password` varchar(250) DEFAULT NULL,
  `state` int(11) NOT NULL DEFAULT '1',
  `api_only` int(11) NOT NULL DEFAULT '0' COMMENT '0=>solamente usa la API,1=> all',
  `creation_date` datetime DEFAULT NULL,
  `modification_date` datetime DEFAULT NULL,
  `expiration_date` datetime NOT NULL
) ENGINE=InnoDB DEFAULT CHARSET=latin1;

-- --------------------------------------------------------

--
-- Estructura de tabla para la tabla `invoice_config`
--

CREATE TABLE `invoice_config` (
  `id` int(11) NOT NULL,
  `company_id` int(11) NOT NULL,
  `user` varchar(250) NOT NULL,
  `password` varchar(500) NOT NULL,
  `state` int(11) NOT NULL DEFAULT '1',
  `certificate_path` varchar(500) DEFAULT NULL,
  `creation_date` datetime DEFAULT NULL,
  `production_mode` int(11) NOT NULL DEFAULT '1',
  `description` text
) ENGINE=InnoDB DEFAULT CHARSET=latin1;

-- --------------------------------------------------------

--
-- Estructura de tabla para la tabla `master_detail`
--

CREATE TABLE `master_detail` (
  `id` int(11) NOT NULL,
  `id_master_table` int(11) NOT NULL,
  `key_code` varchar(45) DEFAULT NULL,
  `description` text,
  `creation_date` datetime DEFAULT NULL
) ENGINE=InnoDB DEFAULT CHARSET=latin1;

--
-- Volcado de datos para la tabla `master_detail`
--

INSERT INTO `master_detail` (`id`, `id_master_table`, `key_code`, `description`, `creation_date`) VALUES
(1, 1, '01', 'Factura', '2018-08-08 00:00:00'),
(2, 1, '03', 'Boleta+de+Venta', '2018-08-08 00:00:00'),
(3, 2, '0', 'OTROS TIPOS DE DOCUMENTOS', NULL),
(4, 2, '1', 'DOCUMENTO NACIONAL DE IDENTIDAD (DNI)', NULL),
(5, 2, '4', 'CARNET DE EXTRANJERIA', NULL),
(6, 2, '6', 'RUC', NULL),
(7, 2, '7', 'PASAPORTE\r\n', NULL),
(8, 3, '01', 'ANULACI%C3%93N+DE+OPERACI%C3%93N', NULL),
(9, 3, '02', 'ANULACI%C3%93N+POR+ERROR+EN+EL+RUC', NULL),
(10, 3, '03', 'CORRECCI%C3%93N+POR+ERROR+EN+LA+DESCRIPCI%C3%93N', NULL),
(11, 3, '04', 'DESCUENTO+GLOBAL', NULL),
(12, 3, '05', 'DESCUENTO+POR+%C3%8DTEM', NULL),
(13, 3, '06', 'DEVOLUCI%C3%93N+TOTAL', NULL),
(14, 3, '07', 'DEVOLUCI%C3%93N+POR+%C3%8DTEM', NULL),
(15, 3, '08', 'BONIFICACI%C3%93N', NULL),
(16, 3, '09', 'DISMINUCI%C3%93N+EN+EL+VALOR', NULL),
(17, 4, '01', 'INTERESES+POR+MORA', NULL),
(18, 4, '02', 'AUMENTO+EN+EL+VALOR', NULL),
(19, 4, '03', 'PENALIDADES', NULL),
(20, 5, '1', 'Ahorro+d%C3%B3lares', '2019-01-27 00:00:00'),
(21, 5, '2', 'Cuenta+corriente', '2019-01-27 00:00:00'),
(22, 5, '3', 'Ahorro+soles', '2019-01-27 00:00:00'),
(23, 5, '4', 'Interbancaria', '2019-01-27 00:00:00'),
(24, 5, '5', 'Cuenta+maestra', '2019-01-27 00:00:00'),
(25, 1, '20', 'Ticket+de+Venta', '2018-08-08 00:00:00'),
(26, 6, '01', 'TRANSPORTE+P%C3%9ABLICO', '2019-05-09 00:00:00'),
(27, 6, '02', 'TRANSPORTE+PRIVADO', '2019-05-09 00:00:00'),
(28, 7, '01', 'VENTA', '0000-00-00 00:00:00'),
(29, 7, '14', 'VENTA+SUJETA+A+CONFIRMACION+DEL+COMPRADOR+', '0000-00-00 00:00:00'),
(30, 7, '02', 'COMPRA', '0000-00-00 00:00:00'),
(31, 7, '04', 'TRASLADO+ENTRE+ESTABLECIMIENTOS+DE+LA+MISMA+EMPRESA', '2019-05-14 00:00:00'),
(32, 7, '18', 'TRASLADO+EMISOR+ITINERANTE+CP', '2019-05-14 00:00:00'),
(33, 7, '08', 'IMPORTACI%C3%93N', '2019-05-14 00:00:00'),
(34, 7, '09', 'EXPORTACI%C3%93N', '0000-00-00 00:00:00'),
(35, 7, '19', 'TRASLADO+A+ZONA+PRIMARIA', '0000-00-00 00:00:00'),
(36, 7, '13', 'OTROS', '0000-00-00 00:00:00'),
(37, 8, '1', 'SERVICIO', '0000-00-00 00:00:00'),
(38, 8, '2', 'CAJA', '0000-00-00 00:00:00'),
(39, 8, '3', 'GALONES', '0000-00-00 00:00:00'),
(40, 8, '4', 'KILOS', '0000-00-00 00:00:00'),
(41, 8, '5', 'METROS', '0000-00-00 00:00:00'),
(42, 8, '6', 'PIEZA', '0000-00-00 00:00:00'),
(43, 8, '7', 'BALDE', '0000-00-00 00:00:00'),
(44, 9, '1', 'Ingreso', '0000-00-00 00:00:00'),
(45, 9, '2', 'Salida', '0000-00-00 00:00:00');

-- --------------------------------------------------------

--
-- Estructura de tabla para la tabla `master_table`
--

CREATE TABLE `master_table` (
  `id` int(11) NOT NULL,
  `id_pais` int(11) NOT NULL,
  `code` varchar(45) DEFAULT NULL,
  `name` varchar(500) DEFAULT NULL,
  `description` text,
  `creation_date` datetime DEFAULT NULL
) ENGINE=InnoDB DEFAULT CHARSET=latin1;

--
-- Volcado de datos para la tabla `master_table`
--

INSERT INTO `master_table` (`id`, `id_pais`, `code`, `name`, `description`, `creation_date`) VALUES
(1, 174, 'DOCS_TYPE', 'Tipo documentos', NULL, '2018-08-08 00:00:00'),
(2, 171, 'IDENTIFICATION_DOCS', 'tipo+de+identificaci%C3%B2n', NULL, NULL),
(3, 171, 'CREDIT-NOTE-TYPES', 'TIPOS+DE+DE+NOTAS+DE+CR%C3%89DITO+ELECTR%C3%93NICAS+', NULL, '2018-09-12 00:00:00'),
(4, 171, 'DEBIT-NOTE-TYPES', 'Tipo+de+notas+de+d%C3%A9bitos', NULL, '2018-09-20 00:00:00'),
(5, 174, 'CASH-ACOUNT-TYPES', 'TIPO DE CUENTAS DE CAJA', 'TIPO DE CUENTAS DE CAJA', '2019-01-27 00:00:00'),
(6, 174, 'TRASLATE-METHOD', 'METODO DE TRASLADO', NULL, '2019-05-09 00:00:00'),
(7, 174, 'REASON-TRANSFER', 'MOTIVO DE TRASLADO', 'MOTIVO DE TRASLADO', '2019-05-09 00:00:00'),
(8, 174, 'UNIDAD-MEDIDA-PESO-BRUTO', 'UNIDAD-MEDIDA-PESO-BRUTO', 'UNIDAD-MEDIDA-PESO-BRUTO ', '2019-05-09 00:00:00'),
(9, 174, 'WORKER-ENTRY-OR-EXIT', 'TIPO DE REGISTRO DE PERSONAL', 'TIPO DE REGISTRO DE PERSONAL', '2019-05-22 00:00:00');

-- --------------------------------------------------------

--
-- Estructura de tabla para la tabla `modules`
--

CREATE TABLE `modules` (
  `id` int(11) NOT NULL,
  `name` varchar(45) DEFAULT NULL,
  `icon` varchar(45) DEFAULT NULL,
  `url` varchar(500) DEFAULT NULL,
  `component` varchar(45) DEFAULT NULL,
  `parent_id` int(11) DEFAULT NULL,
  `state` int(11) DEFAULT '1',
  `position` int(11) DEFAULT '0',
  `description` text,
  `creation_date` datetime DEFAULT NULL
) ENGINE=InnoDB DEFAULT CHARSET=latin1;

--
-- Volcado de datos para la tabla `modules`
--

INSERT INTO `modules` (`id`, `name`, `icon`, `url`, `component`, `parent_id`, `state`, `position`, `description`, `creation_date`) VALUES
(1, 'Inicio', 'home', NULL, 'home', 0, 0, 0, NULL, '2018-08-02 15:49:54'),
(3, 'Configuraci%C3%B3n', 'settings', 'settings', 'settings', 9, 0, 29, NULL, '2018-08-02 15:49:54'),
(9, 'Ajustes', 'settings', NULL, NULL, 0, 0, 20, NULL, '2018-11-30 00:00:00'),
(10, 'Mantenimiento', 'build', NULL, NULL, 0, 0, 0, NULL, '2018-11-30 00:00:00'),
(12, 'Empresas', 'credit_card', 'company', NULL, 10, 0, 0, NULL, '2019-01-21 00:00:00'),
(14, 'Dashboard', 'dashboard', 'dashboard', NULL, 1, 0, 4, NULL, '2019-02-04 00:00:00'),
(15, 'Inicio', 'home', 'home', NULL, 1, 1, 0, NULL, '2019-02-08 00:00:00'),
(16, 'Reporte de la API', 'line_style', 'api_report', NULL, 1, 1, 5, NULL, '2019-02-25 00:00:00'),
(17, 'Gestor de Base de datos', 'cloud', 'database_manager', NULL, 10, 1, 6, NULL, '2019-02-27 00:00:00'),
(18, 'Reenviar Comprobantes', 'input', 'send_invoices', NULL, 10, 1, 20, NULL, '2019-03-02 00:00:00'),
(19, 'Consola', 'home', 'console_command', NULL, 10, 1, 21, NULL, '2019-03-31 00:00:00'),
(20, 'Gestion de tablas', 'assessment', 'table_manager', NULL, 10, 1, 8, NULL, '2019-05-09 00:00:00'),
(21, 'Limpiar Archivos API', 'delete', 'clear_api_files', NULL, 10, 1, 34, NULL, '2019-06-17 00:00:00');

-- --------------------------------------------------------

--
-- Estructura de tabla para la tabla `modulos`
--

CREATE TABLE `modulos` (
  `IdModulo` int(11) NOT NULL,
  `codModulo` varchar(50) COLLATE utf8mb4_unicode_ci DEFAULT NULL,
  `NombreModulo` varchar(30) COLLATE utf8mb4_unicode_ci DEFAULT NULL,
  `IconoModulo` varchar(30) COLLATE utf8mb4_unicode_ci DEFAULT NULL,
  `url` varchar(250) COLLATE utf8mb4_unicode_ci DEFAULT NULL,
  `target` varchar(10) COLLATE utf8mb4_unicode_ci DEFAULT NULL,
  `Estado` int(11) NOT NULL DEFAULT '1'
) ENGINE=InnoDB DEFAULT CHARSET=utf8mb4 COLLATE=utf8mb4_unicode_ci;

--
-- Volcado de datos para la tabla `modulos`
--

INSERT INTO `modulos` (`IdModulo`, `codModulo`, `NombreModulo`, `IconoModulo`, `url`, `target`, `Estado`) VALUES
(1, 'DDV', 'Documentos de Venta', 'library_books', NULL, NULL, 1),
(2, 'EST', 'Estados', 'dashboard', NULL, NULL, 0),
(3, 'REP', 'Reportes', 'insert_chart', NULL, NULL, 1),
(4, 'CESE', 'Cerrar Sesión', 'power_settings_new', NULL, NULL, 0),
(5, 'MANT', 'Configuración', 'settings', NULL, NULL, 1),
(6, 'ECOMP', 'Emitir Comprobante', 'description', 'https://plataforma.gofacturas.com/goventas/', '_blank', 1),
(7, 'IMP', 'Config. de Impresión', 'print', NULL, NULL, 1),
(8, 'USU', 'Usuarios', 'account_box', NULL, NULL, 1);

-- --------------------------------------------------------

--
-- Estructura de tabla para la tabla `modulos_det`
--

CREATE TABLE `modulos_det` (
  `IdModuloDet` int(11) NOT NULL,
  `IdModulo` int(11) DEFAULT NULL,
  `IconoSubModulo` varchar(20) COLLATE utf8mb4_unicode_ci DEFAULT NULL,
  `NombreSubModulo` varchar(30) COLLATE utf8mb4_unicode_ci DEFAULT NULL,
  `nombre_plantilla` varchar(100) COLLATE utf8mb4_unicode_ci DEFAULT NULL,
  `estado` char(2) COLLATE utf8mb4_unicode_ci DEFAULT '1'
) ENGINE=InnoDB DEFAULT CHARSET=utf8mb4 COLLATE=utf8mb4_unicode_ci;

--
-- Volcado de datos para la tabla `modulos_det`
--

INSERT INTO `modulos_det` (`IdModuloDet`, `IdModulo`, `IconoSubModulo`, `NombreSubModulo`, `nombre_plantilla`, `estado`) VALUES
(1, 1, NULL, 'Comprobantes', 'doc_comprobantes', '1'),
(2, 2, NULL, 'Enviados', 'doc_enviados', '1'),
(3, 2, NULL, 'Salidas', 'doc_salidas', '1'),
(4, 2, NULL, 'Entradas', 'doc_entradas', '1'),
(5, 3, NULL, 'Comprobantes de Baja', 'rep_comprobantes_baja', '1'),
(6, 3, NULL, 'Boletas de Baja', 'rep_boletas_baja', '0'),
(7, 1, NULL, 'Boletas', 'doc_boletas', '0'),
(8, 1, NULL, 'Notas', 'doc_notas', '1'),
(9, 5, NULL, 'Mis Empresas', 'mant_empresas', '1'),
(10, 8, NULL, 'Niveles de Usuario', 'niveles_user', '1'),
(11, 7, NULL, 'Configurar', 'configuracion_impresion', '1');

-- --------------------------------------------------------

--
-- Estructura de tabla para la tabla `operations_type`
--

CREATE TABLE `operations_type` (
  `id` int(11) NOT NULL,
  `description` varchar(500) DEFAULT NULL,
  `state` int(11) DEFAULT '1',
  `creation_date` datetime DEFAULT NULL
) ENGINE=InnoDB DEFAULT CHARSET=latin1;

--
-- Volcado de datos para la tabla `operations_type`
--

INSERT INTO `operations_type` (`id`, `description`, `state`, `creation_date`) VALUES
(1, 'VENTA+INTERNA', 1, NULL),
(2, 'ANTICIPO+O+DEDUCCI%C3%93N+DE+ANTICIPO+EN+VENTA+INTERNA', 1, NULL),
(3, 'EXPORTACI%C3%93N', 1, NULL);

-- --------------------------------------------------------

--
-- Estructura de tabla para la tabla `paises`
--

CREATE TABLE `paises` (
  `id` int(11) NOT NULL,
  `name` varchar(500) NOT NULL,
  `zona` int(11) DEFAULT '1',
  `phone_prefix` varchar(10) DEFAULT NULL,
  `code` varchar(10) DEFAULT NULL,
  `creation_date` datetime DEFAULT NULL
) ENGINE=InnoDB DEFAULT CHARSET=latin1;

--
-- Volcado de datos para la tabla `paises`
--

INSERT INTO `paises` (`id`, `name`, `zona`, `phone_prefix`, `code`, `creation_date`) VALUES
(1, 'Afganistan', 1, '93', '004', '2018-08-08 19:27:34'),
(2, 'Albania', 1, '355', '008', '2018-08-08 19:27:34'),
(3, 'Algeria', 1, '213', '012', '2018-08-08 19:27:34'),
(4, 'American Samoa', 1, '1', '', '2018-08-08 19:27:34'),
(5, 'Andorra', 1, '376', '020', '2018-08-08 19:27:34'),
(6, 'Angola', 1, '244', '024', '2018-08-08 19:27:34'),
(7, 'Anguilla', 1, '1', '660', '2018-08-08 19:27:34'),
(8, 'Antarctica', 1, '672', '010', '2018-08-08 19:27:34'),
(9, 'Antigua and Barbuda', 1, '1', '028', '2018-08-08 19:27:34'),
(10, 'Argentina', 1, '54', '', '2018-08-08 19:27:34'),
(11, 'Armenia', 1, '374', '051', '2018-08-08 19:27:34'),
(12, 'Aruba', 1, '297', '533', '2018-08-08 19:27:34'),
(13, 'Ascension', 1, '247', '', '2018-08-08 19:27:34'),
(14, 'Australia', 1, '61', '036', '2018-08-08 19:27:34'),
(15, 'Austria', 1, '43', '040', '2018-08-08 19:27:34'),
(16, 'Azerbaijan', 1, '994', '031', '2018-08-08 19:27:34'),
(17, 'Bahamas', 1, '1', '044', '2018-08-08 19:27:34'),
(18, 'Bahrain', 1, '973', '048', '2018-08-08 19:27:34'),
(19, 'Bangladesh', 1, '880', '050', '2018-08-08 19:27:34'),
(20, 'Barbados', 1, '1', '052', '2018-08-08 19:27:34'),
(21, 'Belarus', 1, '375', '112', '2018-08-08 19:27:34'),
(22, 'Belgium', 1, '32', '056', '2018-08-08 19:27:34'),
(23, 'Belize', 1, '501', '084', '2018-08-08 19:27:34'),
(24, 'Benin', 1, '229', '204', '2018-08-08 19:27:34'),
(25, 'Bermuda', 1, '1', '060', '2018-08-08 19:27:34'),
(26, 'Bhutan', 1, '975', '064', '2018-08-08 19:27:34'),
(27, 'Bolivia', 1, '591', '068', '2018-08-08 19:27:34'),
(28, 'Bosnia and Herzegovina', 1, '387', '070', '2018-08-08 19:27:34'),
(29, 'Botswana', 1, '267', '072', '2018-08-08 19:27:34'),
(30, 'Brazil', 1, '55', '', '2018-08-08 19:27:34'),
(31, 'British Indian Ocean Territory', 1, '246', '', '2018-08-08 19:27:34'),
(32, 'Brunei Darussalam', 1, '673', '', '2018-08-08 19:27:34'),
(33, 'Bulgaria', 1, '359', '', '2018-08-08 19:27:34'),
(34, 'Burkina Faso', 1, '226', '', '2018-08-08 19:27:34'),
(35, 'Burundi', 1, '257', '', '2018-08-08 19:27:34'),
(36, 'C?te D\'Ivoire', 1, '225', '', '2018-08-08 19:27:34'),
(37, 'Cambodia', 1, '855', '', '2018-08-08 19:27:34'),
(38, 'Cameroon', 1, '237', '', '2018-08-08 19:27:34'),
(39, 'Canada', 1, '1', '', '2018-08-08 19:27:34'),
(40, 'Cape Verde', 1, '238', '', '2018-08-08 19:27:34'),
(41, 'Cayman Islands', 1, '1', '', '2018-08-08 19:27:34'),
(42, 'Central African Republic', 1, '236', '', '2018-08-08 19:27:34'),
(43, 'Chad', 1, '235', '', '2018-08-08 19:27:34'),
(44, 'Chile', 1, '56', '', '2018-08-08 19:27:34'),
(45, 'China', 1, '86', '', '2018-08-08 19:27:34'),
(46, 'Christmas Island', 1, '61', '', '2018-08-08 19:27:34'),
(47, 'Cocos(Keeling)Island', 1, '61', '', '2018-08-08 19:27:34'),
(48, 'Colombia', 1, '57', '', '2018-08-08 19:27:34'),
(49, 'Comoros', 1, '269', '', '2018-08-08 19:27:34'),
(50, 'Congo', 1, '242', '', '2018-08-08 19:27:34'),
(51, 'Congo, Democratic Republic of the', 1, '243', '', '2018-08-08 19:27:34'),
(52, 'Cook Islands', 1, '682', '', '2018-08-08 19:27:34'),
(53, 'Costa Rica', 1, '506', '', '2018-08-08 19:27:34'),
(54, 'Croatia', 1, '385', '', '2018-08-08 19:27:34'),
(55, 'Cuba', 1, '53', '', '2018-08-08 19:27:34'),
(56, 'Cyprus', 1, '357', '', '2018-08-08 19:27:34'),
(57, 'Czech Republic', 1, '420', '', '2018-08-08 19:27:34'),
(58, 'Denmark', 1, '45', '', '2018-08-08 19:27:34'),
(59, 'Djibouti', 1, '253', '', '2018-08-08 19:27:34'),
(60, 'Dominica', 1, '1', '', '2018-08-08 19:27:34'),
(61, 'Dominican Republic', 1, '1', '', '2018-08-08 19:27:34'),
(62, 'Ecuador', 1, '593', '', '2018-08-08 19:27:34'),
(63, 'Egypt', 1, '20', '', '2018-08-08 19:27:34'),
(64, 'El Salvador', 1, '503', '', '2018-08-08 19:27:34'),
(65, 'Equatorial Guinea', 1, '240', '', '2018-08-08 19:27:34'),
(66, 'Eritrea', 1, '291', '', '2018-08-08 19:27:34'),
(67, 'Estonia', 1, '372', '', '2018-08-08 19:27:34'),
(68, 'Ethiopia', 1, '251', '', '2018-08-08 19:27:34'),
(69, 'Falkland Islands (Malvinas)', 1, '500', '', '2018-08-08 19:27:34'),
(70, 'Faroe Islands', 1, '298', '', '2018-08-08 19:27:34'),
(71, 'Fiji', 1, '679', '', '2018-08-08 19:27:34'),
(72, 'Finland', 1, '358', '', '2018-08-08 19:27:34'),
(73, 'France', 1, '33', '', '2018-08-08 19:27:34'),
(74, 'French Guiana', 1, '594', '', '2018-08-08 19:27:34'),
(75, 'French Polynesia', 1, '689', '', '2018-08-08 19:27:34'),
(76, 'Gabon', 1, '241', '', '2018-08-08 19:27:34'),
(77, 'Gambia', 1, '220', '', '2018-08-08 19:27:34'),
(78, 'Georgia', 1, '995', '', '2018-08-08 19:27:34'),
(79, 'Germany', 1, '49', '', '2018-08-08 19:27:34'),
(80, 'Ghana', 1, '233', '', '2018-08-08 19:27:34'),
(81, 'Gibraltar', 1, '350', '', '2018-08-08 19:27:34'),
(82, 'Greece', 1, '30', '', '2018-08-08 19:27:34'),
(83, 'Greenland', 1, '299', '', '2018-08-08 19:27:34'),
(84, 'Grenada', 1, '1', '', '2018-08-08 19:27:34'),
(85, 'Guadeloupe', 1, '590', '', '2018-08-08 19:27:34'),
(86, 'Guam', 1, '1', '', '2018-08-08 19:27:34'),
(87, 'Guatemala', 1, '502', '', '2018-08-08 19:27:34'),
(88, 'Guernsey', 1, '44', '', '2018-08-08 19:27:34'),
(89, 'Guinea', 1, '224', '', '2018-08-08 19:27:34'),
(90, 'Guinea-Bissau', 1, '245', '', '2018-08-08 19:27:34'),
(91, 'Guyana', 1, '592', '328', '2018-08-08 19:27:34'),
(92, 'Haiti', 1, '509', '332', '2018-08-08 19:27:34'),
(93, 'Holy See (Vatican City State)', 1, '39', '336', '2018-08-08 19:27:34'),
(94, 'Honduras', 1, '504', '340', '2018-08-08 19:27:34'),
(95, 'Hong Kong', 1, '852', '344', '2018-08-08 19:27:34'),
(96, 'Hungary', 1, '36', '348', '2018-08-08 19:27:34'),
(97, 'Iceland', 1, '354', '352', '2018-08-08 19:27:34'),
(98, 'India', 1, '91', '356', '2018-08-08 19:27:34'),
(99, 'Indonesia', 1, '62', '360', '2018-08-08 19:27:34'),
(100, 'Inmarsat Atlantic Ocean-East', 1, '871', '', '2018-08-08 19:27:34'),
(101, 'Inmarsat Atlantic Ocean-West', 1, '874', '', '2018-08-08 19:27:34'),
(102, 'Inmarsat Indian Ocean', 1, '873', '', '2018-08-08 19:27:34'),
(103, 'Inmarsat Pacific Ocean', 1, '872', '', '2018-08-08 19:27:34'),
(104, 'Inmarsat Single Number Access', 1, '870', '', '2018-08-08 19:27:34'),
(105, 'Iran', 1, '98', '364', '2018-08-08 19:27:34'),
(106, 'Iraq', 1, '964', '368', '2018-08-08 19:27:34'),
(107, 'Ireland', 1, '353', '372', '2018-08-08 19:27:34'),
(108, 'Isle of Man', 1, '44', '833', '2018-08-08 19:27:34'),
(109, 'Israel', 1, '972', '376', '2018-08-08 19:27:34'),
(110, 'Italy', 1, '39', '380', '2018-08-08 19:27:34'),
(111, 'Jamaica', 1, '1', '388', '2018-08-08 19:27:34'),
(112, 'Japan', 1, '81', '392', '2018-08-08 19:27:34'),
(113, 'Jersey', 1, '44', '832', '2018-08-08 19:27:34'),
(114, 'Jordan', 1, '962', '400', '2018-08-08 19:27:34'),
(115, 'Kazakhstan', 1, '7', '398', '2018-08-08 19:27:34'),
(116, 'Kenya', 1, '254', '404', '2018-08-08 19:27:34'),
(117, 'Kiribati', 1, '686', '296', '2018-08-08 19:27:34'),
(118, 'Korea, Democratic People\'s Republic of', 1, '850', '408', '2018-08-08 19:27:34'),
(119, 'Korea, Republic of', 1, '82', '410', '2018-08-08 19:27:34'),
(120, 'Kuwait', 1, '965', '414', '2018-08-08 19:27:34'),
(121, 'Kyrgyz Republic', 1, '996', '', '2018-08-08 19:27:34'),
(122, 'Lao People\'s Democratic Republic', 1, '856', '418', '2018-08-08 19:27:34'),
(123, 'Latvia', 1, '371', '428', '2018-08-08 19:27:34'),
(124, 'Lebanon', 1, '961', '422', '2018-08-08 19:27:34'),
(125, 'Lesotho', 1, '266', '426', '2018-08-08 19:27:34'),
(126, 'Liberia', 1, '231', '430', '2018-08-08 19:27:34'),
(127, 'Libyan Arab Jamahiriya', 1, '218', '434', '2018-08-08 19:27:34'),
(128, 'Liechtenstein', 1, '423', '438', '2018-08-08 19:27:34'),
(129, 'Lithuania', 1, '370', '440', '2018-08-08 19:27:34'),
(130, 'Luxembourg', 1, '352', '442', '2018-08-08 19:27:34'),
(131, 'Macao', 1, '853', '446', '2018-08-08 19:27:34'),
(132, 'Macedonia', 1, '389', '807', '2018-08-08 19:27:34'),
(133, 'Madagascar', 1, '261', '450', '2018-08-08 19:27:34'),
(134, 'Malawi', 1, '265', '454', '2018-08-08 19:27:34'),
(135, 'Malaysia', 1, '60', '458', '2018-08-08 19:27:34'),
(136, 'Maldives', 1, '960', '462', '2018-08-08 19:27:34'),
(137, 'Mali', 1, '223', '466', '2018-08-08 19:27:34'),
(138, 'Malta', 1, '356', '470', '2018-08-08 19:27:34'),
(139, 'Marshall Islands', 1, '692', '', '2018-08-08 19:27:34'),
(140, 'Martinique', 1, '596', '474', '2018-08-08 19:27:34'),
(141, 'Mauritania', 1, '222', '478', '2018-08-08 19:27:34'),
(142, 'Mauritius', 1, '230', '480', '2018-08-08 19:27:34'),
(143, 'Mayotte', 1, '269', '175', '2018-08-08 19:27:34'),
(144, 'Mexico', 1, '52', '484', '2018-08-08 19:27:34'),
(145, 'Micronesia', 1, '691', '583', '2018-08-08 19:27:34'),
(146, 'Moldova', 1, '373', '498', '2018-08-08 19:27:34'),
(147, 'Monaco', 1, '377', '492', '2018-08-08 19:27:34'),
(148, 'Mongolia', 1, '976', '496', '2018-08-08 19:27:34'),
(149, 'Montserrat', 1, '1', '500', '2018-08-08 19:27:34'),
(150, 'Morocco', 1, '212', '504', '2018-08-08 19:27:34'),
(151, 'Mozambique', 1, '258', '508', '2018-08-08 19:27:34'),
(152, 'Myanmar', 1, '95', '104', '2018-08-08 19:27:34'),
(153, 'Namibia', 1, '264', '516', '2018-08-08 19:27:34'),
(154, 'Nauru', 1, '674', '520', '2018-08-08 19:27:34'),
(155, 'Nepal', 1, '977', '524', '2018-08-08 19:27:34'),
(156, 'Netherlands', 1, '31', '528', '2018-08-08 19:27:34'),
(157, 'Netherlands Antilles', 1, '599', '530', '2018-08-08 19:27:34'),
(158, 'New Caledonia', 1, '687', '540', '2018-08-08 19:27:34'),
(159, 'New Zealand', 1, '64', '554', '2018-08-08 19:27:34'),
(160, 'Nicaragua', 1, '505', '558', '2018-08-08 19:27:34'),
(161, 'Niger', 1, '227', '562', '2018-08-08 19:27:34'),
(162, 'Nigeria', 1, '234', '566', '2018-08-08 19:27:34'),
(163, 'Niue', 1, '683', '570', '2018-08-08 19:27:34'),
(164, 'Norfolk Island', 1, '672', '574', '2018-08-08 19:27:34'),
(165, 'Northern Mariana Islands', 1, '1', '580', '2018-08-08 19:27:34'),
(166, 'Norway', 1, '47', '578', '2018-08-08 19:27:34'),
(167, 'Oman', 1, '968', '512', '2018-08-08 19:27:34'),
(168, 'Pakistan', 1, '92', '586', '2018-08-08 19:27:34'),
(169, 'Palau', 1, '680', '585', '2018-08-08 19:27:34'),
(170, 'Palestinian Territory, Occupied', 1, '970', '275', '2018-08-08 19:27:34'),
(171, 'Panama', 1, '507', '591', '2018-08-08 19:27:34'),
(172, 'Papua New Guinea', 1, '675', '598', '2018-08-08 19:27:34'),
(173, 'Paraguay', 1, '595', '600', '2018-08-08 19:27:34'),
(174, 'Peru', 1, '51', '604', '2018-08-08 19:27:34'),
(175, 'Philippines', 1, '63', '608', '2018-08-08 19:27:34'),
(176, 'Poland', 1, '48', '616', '2018-08-08 19:27:34'),
(177, 'Portugal', 1, '351', '620', '2018-08-08 19:27:34'),
(178, 'Puerto Rico', 1, '1', '630', '2018-08-08 19:27:34'),
(179, 'Qatar', 1, '974', '634', '2018-08-08 19:27:34'),
(180, 'Reunion', 1, '262', '638', '2018-08-08 19:27:34'),
(181, 'Romania', 1, '40', '642', '2018-08-08 19:27:34'),
(182, 'Russian Federation', 1, '7', '643', '2018-08-08 19:27:34'),
(183, 'Rwanda', 1, '250', '646', '2018-08-08 19:27:34'),
(184, 'S?o Tome and Principe', 1, '239', '678', '2018-08-08 19:27:34'),
(185, 'Saint Helena', 1, '290', '654', '2018-08-08 19:27:34'),
(186, 'Saint Kitts and Nevis', 1, '1', '659', '2018-08-08 19:27:34'),
(187, 'Saint Lucia', 1, '1', '662', '2018-08-08 19:27:34'),
(188, 'Saint Pierre and Miquelon', 1, '508', '666', '2018-08-08 19:27:34'),
(189, 'Saint Vincent and the Grenadines', 1, '1', '670', '2018-08-08 19:27:34'),
(190, 'Samoa', 1, '685', '882', '2018-08-08 19:27:34'),
(191, 'San Marino', 1, '378', '674', '2018-08-08 19:27:34'),
(192, 'Saudi Arabia', 1, '966', '682', '2018-08-08 19:27:34'),
(193, 'Senegal', 1, '221', '686', '2018-08-08 19:27:34'),
(194, 'Serbia and Montenegro', 1, '381', '', '2018-08-08 19:27:34'),
(195, 'Seychelles', 1, '248', '690', '2018-08-08 19:27:34'),
(196, 'Sierra Leone', 1, '232', '694', '2018-08-08 19:27:34'),
(197, 'Singapore', 1, '65', '702', '2018-08-08 19:27:34'),
(198, 'Slovakia', 1, '421', '703', '2018-08-08 19:27:34'),
(199, 'Slovenia', 1, '386', '705', '2018-08-08 19:27:34'),
(200, 'Solomon Islands', 1, '677', '090', '2018-08-08 19:27:34'),
(201, 'Somalia', 1, '252', '706', '2018-08-08 19:27:34'),
(202, 'South Africa', 1, '27', '710', '2018-08-08 19:27:34'),
(203, 'Spain', 1, '34', '724', '2018-08-08 19:27:34'),
(204, 'Sri Lanka', 1, '94', '144', '2018-08-08 19:27:34'),
(205, 'Sudan', 1, '249', '736', '2018-08-08 19:27:34'),
(206, 'Suriname', 1, '597', '740', '2018-08-08 19:27:34'),
(207, 'Swaziland', 1, '268', '748', '2018-08-08 19:27:34'),
(208, 'Sweden', 1, '46', '752', '2018-08-08 19:27:34'),
(209, 'Switzerland', 1, '41', '756', '2018-08-08 19:27:34'),
(210, 'Syria', 1, '963', '760', '2018-08-08 19:27:34'),
(211, 'Taiwan', 1, '886', '158', '2018-08-08 19:27:34'),
(212, 'Tajikistan', 1, '992', '762', '2018-08-08 19:27:34'),
(213, 'Tanzania', 1, '255', '834', '2018-08-08 19:27:34'),
(214, 'Thailand', 1, '66', '764', '2018-08-08 19:27:34'),
(215, 'Timor-Leste', 1, '670', '626', '2018-08-08 19:27:34'),
(216, 'Togo', 1, '228', '768', '2018-08-08 19:27:34'),
(217, 'Tokelau', 1, '690', '772', '2018-08-08 19:27:34'),
(218, 'Tonga', 1, '676', '776', '2018-08-08 19:27:34'),
(219, 'Trinidad and Tobago', 1, '1', '780', '2018-08-08 19:27:34'),
(220, 'Tunisia', 1, '216', '', '2018-08-08 19:27:34'),
(221, 'Turkey', 1, '90', '792', '2018-08-08 19:27:34'),
(222, 'Turkmenistan', 1, '993', '795', '2018-08-08 19:27:34'),
(223, 'Turks and Caicos Islands', 1, '1', '796', '2018-08-08 19:27:34'),
(224, 'Tuvalu', 1, '688', '798', '2018-08-08 19:27:34'),
(225, 'Uganda', 1, '256', '800', '2018-08-08 19:27:34'),
(226, 'Ukraine', 1, '380', '804', '2018-08-08 19:27:34'),
(227, 'United Arab Emirates', 1, '971', '784', '2018-08-08 19:27:34'),
(228, 'United Kingdom', 1, '44', '826', '2018-08-08 19:27:34'),
(229, 'United States', 1, '1', '840', '2018-08-08 19:27:34'),
(230, 'Uruguay', 1, '598', '858', '2018-08-08 19:27:34'),
(231, 'Uzbekistan', 1, '998', '860', '2018-08-08 19:27:34'),
(232, 'Vanuatu', 1, '678', '548', '2018-08-08 19:27:34'),
(233, 'Venezuela', 1, '58', '862', '2018-08-08 19:27:34'),
(234, 'Viet Nam', 1, '84', '704', '2018-08-08 19:27:34'),
(235, 'Virgin Islands, British', 1, '1', '092', '2018-08-08 19:27:34'),
(236, 'Virgin Islands, U.S.', 1, '1', '850', '2018-08-08 19:27:34'),
(237, 'Wallis and Futuna Islands', 1, '681', '876', '2018-08-08 19:27:34'),
(238, 'Yemen', 1, '967', '887', '2018-08-08 19:27:34'),
(239, 'Zambia', 1, '260', '894', '2018-08-08 19:27:34'),
(240, 'Zimbawe', 1, '263', '716', '2018-08-08 19:27:34');

-- --------------------------------------------------------

--
-- Estructura de tabla para la tabla `ubigeo`
--

CREATE TABLE `ubigeo` (
  `IdPais` int(11) NOT NULL,
  `IdUbigeo` int(20) NOT NULL,
  `Departamento` varchar(50) COLLATE utf8_unicode_ci NOT NULL,
  `Provincia` varchar(50) COLLATE utf8_unicode_ci NOT NULL,
  `Distrito` varchar(50) COLLATE utf8_unicode_ci NOT NULL
) ENGINE=InnoDB DEFAULT CHARSET=utf8 COLLATE=utf8_unicode_ci;

--
-- Volcado de datos para la tabla `ubigeo`
--

INSERT INTO `ubigeo` (`IdPais`, `IdUbigeo`, `Departamento`, `Provincia`, `Distrito`) VALUES
(174, 10000, 'Amazonas', '', ''),
(174, 10100, 'Amazonas', 'Chachapoyas', ''),
(174, 10101, 'Amazonas', 'Chachapoyas', 'Chachapoyas'),
(174, 10102, 'Amazonas', 'Chachapoyas', 'Asunci%F3n'),
(174, 10103, 'Amazonas', 'Chachapoyas', 'Balsas'),
(174, 10104, 'Amazonas', 'Chachapoyas', 'Cheto'),
(174, 10105, 'Amazonas', 'Chachapoyas', 'Chiliquin'),
(174, 10106, 'Amazonas', 'Chachapoyas', 'Chuquibamba'),
(174, 10107, 'Amazonas', 'Chachapoyas', 'Granada'),
(174, 10108, 'Amazonas', 'Chachapoyas', 'Huancas'),
(174, 10109, 'Amazonas', 'Chachapoyas', 'La+Jalca'),
(174, 10110, 'Amazonas', 'Chachapoyas', 'Leimebamba'),
(174, 10111, 'Amazonas', 'Chachapoyas', 'Levanto'),
(174, 10112, 'Amazonas', 'Chachapoyas', 'Magdalena'),
(174, 10113, 'Amazonas', 'Chachapoyas', 'Mariscal+Castilla'),
(174, 10114, 'Amazonas', 'Chachapoyas', 'Molinopampa'),
(174, 10115, 'Amazonas', 'Chachapoyas', 'Montevideo'),
(174, 10116, 'Amazonas', 'Chachapoyas', 'Olleros'),
(174, 10117, 'Amazonas', 'Chachapoyas', 'Quinjalca'),
(174, 10118, 'Amazonas', 'Chachapoyas', 'San+Francisco+de+Daguas'),
(174, 10119, 'Amazonas', 'Chachapoyas', 'San+Isidro+de+Maino'),
(174, 10120, 'Amazonas', 'Chachapoyas', 'Soloco'),
(174, 10121, 'Amazonas', 'Chachapoyas', 'Sonche'),
(174, 10200, 'Amazonas', 'Bagua', ''),
(174, 10201, 'Amazonas', 'Bagua', 'Bagua'),
(174, 10202, 'Amazonas', 'Bagua', 'Aramango'),
(174, 10203, 'Amazonas', 'Bagua', 'Copallin'),
(174, 10204, 'Amazonas', 'Bagua', 'El+Parco'),
(174, 10205, 'Amazonas', 'Bagua', 'Imaza'),
(174, 10206, 'Amazonas', 'Bagua', 'La+Peca'),
(174, 10300, 'Amazonas', 'Bongar%E1', ''),
(174, 10301, 'Amazonas', 'Bongar%E1', 'Jumbilla'),
(174, 10302, 'Amazonas', 'Bongar%E1', 'Chisquilla'),
(174, 10303, 'Amazonas', 'Bongar%E1', 'Churuja'),
(174, 10304, 'Amazonas', 'Bongar%E1', 'Corosha'),
(174, 10305, 'Amazonas', 'Bongar%E1', 'Cuispes'),
(174, 10306, 'Amazonas', 'Bongar%E1', 'Florida'),
(174, 10307, 'Amazonas', 'Bongar%E1', 'Jazan'),
(174, 10308, 'Amazonas', 'Bongar%E1', 'Recta'),
(174, 10309, 'Amazonas', 'Bongar%E1', 'San+Carlos'),
(174, 10310, 'Amazonas', 'Bongar%E1', 'Shipasbamba'),
(174, 10311, 'Amazonas', 'Bongar%E1', 'Valera'),
(174, 10312, 'Amazonas', 'Bongar%E1', 'Yambrasbamba'),
(174, 10400, 'Amazonas', 'Condorcanqui', ''),
(174, 10401, 'Amazonas', 'Condorcanqui', 'Nieva'),
(174, 10402, 'Amazonas', 'Condorcanqui', 'El+Cenepa'),
(174, 10403, 'Amazonas', 'Condorcanqui', 'R%EDo+Santiago'),
(174, 10500, 'Amazonas', 'Luya', ''),
(174, 10501, 'Amazonas', 'Luya', 'Lamud'),
(174, 10502, 'Amazonas', 'Luya', 'Camporredondo'),
(174, 10503, 'Amazonas', 'Luya', 'Cocabamba'),
(174, 10504, 'Amazonas', 'Luya', 'Colcamar'),
(174, 10505, 'Amazonas', 'Luya', 'Conila'),
(174, 10506, 'Amazonas', 'Luya', 'Inguilpata'),
(174, 10507, 'Amazonas', 'Luya', 'Longuita'),
(174, 10508, 'Amazonas', 'Luya', 'Lonya+Chico'),
(174, 10509, 'Amazonas', 'Luya', 'Luya'),
(174, 10510, 'Amazonas', 'Luya', 'Luya+Viejo'),
(174, 10511, 'Amazonas', 'Luya', 'Mar%EDa'),
(174, 10512, 'Amazonas', 'Luya', 'Ocalli'),
(174, 10513, 'Amazonas', 'Luya', 'Ocumal'),
(174, 10514, 'Amazonas', 'Luya', 'Pisuquia'),
(174, 10515, 'Amazonas', 'Luya', 'Providencia'),
(174, 10516, 'Amazonas', 'Luya', 'San+Crist%F3bal'),
(174, 10517, 'Amazonas', 'Luya', 'San+Francisco+de+Yeso'),
(174, 10518, 'Amazonas', 'Luya', 'San+Jer%F3nimo'),
(174, 10519, 'Amazonas', 'Luya', 'San+Juan+de+Lopecancha'),
(174, 10520, 'Amazonas', 'Luya', 'Santa+Catalina'),
(174, 10521, 'Amazonas', 'Luya', 'Santo+Tomas'),
(174, 10522, 'Amazonas', 'Luya', 'Tingo'),
(174, 10523, 'Amazonas', 'Luya', 'Trita'),
(174, 10600, 'Amazonas', 'Rodr%EDguez+de+Mendoza', ''),
(174, 10601, 'Amazonas', 'Rodr%EDguez+de+Mendoza', 'San+Nicol%E1s'),
(174, 10602, 'Amazonas', 'Rodr%EDguez+de+Mendoza', 'Chirimoto'),
(174, 10603, 'Amazonas', 'Rodr%EDguez+de+Mendoza', 'Cochamal'),
(174, 10604, 'Amazonas', 'Rodr%EDguez+de+Mendoza', 'Huambo'),
(174, 10605, 'Amazonas', 'Rodr%EDguez+de+Mendoza', 'Limabamba'),
(174, 10606, 'Amazonas', 'Rodr%EDguez+de+Mendoza', 'Longar'),
(174, 10607, 'Amazonas', 'Rodr%EDguez+de+Mendoza', 'Mariscal+Benavides'),
(174, 10608, 'Amazonas', 'Rodr%EDguez+de+Mendoza', 'Milpuc'),
(174, 10609, 'Amazonas', 'Rodr%EDguez+de+Mendoza', 'Omia'),
(174, 10610, 'Amazonas', 'Rodr%EDguez+de+Mendoza', 'Santa+Rosa'),
(174, 10611, 'Amazonas', 'Rodr%EDguez+de+Mendoza', 'Totora'),
(174, 10612, 'Amazonas', 'Rodr%EDguez+de+Mendoza', 'Vista+Alegre'),
(174, 10700, 'Amazonas', 'Utcubamba', ''),
(174, 10701, 'Amazonas', 'Utcubamba', 'Bagua+Grande'),
(174, 10702, 'Amazonas', 'Utcubamba', 'Cajaruro'),
(174, 10703, 'Amazonas', 'Utcubamba', 'Cumba'),
(174, 10704, 'Amazonas', 'Utcubamba', 'El+Milagro'),
(174, 10705, 'Amazonas', 'Utcubamba', 'Jamalca'),
(174, 10706, 'Amazonas', 'Utcubamba', 'Lonya+Grande'),
(174, 10707, 'Amazonas', 'Utcubamba', 'Yamon'),
(174, 20000, '%C1ncash', '', ''),
(174, 20100, '%C1ncash', 'Huaraz', ''),
(174, 20101, '%C1ncash', 'Huaraz', 'Huaraz'),
(174, 20102, '%C1ncash', 'Huaraz', 'Cochabamba'),
(174, 20103, '%C1ncash', 'Huaraz', 'Colcabamba'),
(174, 20104, '%C1ncash', 'Huaraz', 'Huanchay'),
(174, 20105, '%C1ncash', 'Huaraz', 'Independencia'),
(174, 20106, '%C1ncash', 'Huaraz', 'Jangas'),
(174, 20107, '%C1ncash', 'Huaraz', 'La+Libertad'),
(174, 20108, '%C1ncash', 'Huaraz', 'Olleros'),
(174, 20109, '%C1ncash', 'Huaraz', 'Pampas+Grande'),
(174, 20110, '%C1ncash', 'Huaraz', 'Pariacoto'),
(174, 20111, '%C1ncash', 'Huaraz', 'Pira'),
(174, 20112, '%C1ncash', 'Huaraz', 'Tarica'),
(174, 20200, '%C1ncash', 'Aija', ''),
(174, 20201, '%C1ncash', 'Aija', 'Aija'),
(174, 20202, '%C1ncash', 'Aija', 'Coris'),
(174, 20203, '%C1ncash', 'Aija', 'Huacllan'),
(174, 20204, '%C1ncash', 'Aija', 'La+Merced'),
(174, 20205, '%C1ncash', 'Aija', 'Succha'),
(174, 20300, '%C1ncash', 'Antonio+Raymondi', ''),
(174, 20301, '%C1ncash', 'Antonio+Raymondi', 'Llamellin'),
(174, 20302, '%C1ncash', 'Antonio+Raymondi', 'Aczo'),
(174, 20303, '%C1ncash', 'Antonio+Raymondi', 'Chaccho'),
(174, 20304, '%C1ncash', 'Antonio+Raymondi', 'Chingas'),
(174, 20305, '%C1ncash', 'Antonio+Raymondi', 'Mirgas'),
(174, 20306, '%C1ncash', 'Antonio+Raymondi', 'San+Juan+de+Rontoy'),
(174, 20400, '%C1ncash', 'Asunci%F3n', ''),
(174, 20401, '%C1ncash', 'Asunci%F3n', 'Chacas'),
(174, 20402, '%C1ncash', 'Asunci%F3n', 'Acochaca'),
(174, 20500, '%C1ncash', 'Bolognesi', ''),
(174, 20501, '%C1ncash', 'Bolognesi', 'Chiquian'),
(174, 20502, '%C1ncash', 'Bolognesi', 'Abelardo+Pardo+Lezameta'),
(174, 20503, '%C1ncash', 'Bolognesi', 'Antonio+Raymondi'),
(174, 20504, '%C1ncash', 'Bolognesi', 'Aquia'),
(174, 20505, '%C1ncash', 'Bolognesi', 'Cajacay'),
(174, 20506, '%C1ncash', 'Bolognesi', 'Canis'),
(174, 20507, '%C1ncash', 'Bolognesi', 'Colquioc'),
(174, 20508, '%C1ncash', 'Bolognesi', 'Huallanca'),
(174, 20509, '%C1ncash', 'Bolognesi', 'Huasta'),
(174, 20510, '%C1ncash', 'Bolognesi', 'Huayllacayan'),
(174, 20511, '%C1ncash', 'Bolognesi', 'La+Primavera'),
(174, 20512, '%C1ncash', 'Bolognesi', 'Mangas'),
(174, 20513, '%C1ncash', 'Bolognesi', 'Pacllon'),
(174, 20514, '%C1ncash', 'Bolognesi', 'San+Miguel+de+Corpanqui'),
(174, 20515, '%C1ncash', 'Bolognesi', 'Ticllos'),
(174, 20600, '%C1ncash', 'Carhuaz', ''),
(174, 20601, '%C1ncash', 'Carhuaz', 'Carhuaz'),
(174, 20602, '%C1ncash', 'Carhuaz', 'Acopampa'),
(174, 20603, '%C1ncash', 'Carhuaz', 'Amashca'),
(174, 20604, '%C1ncash', 'Carhuaz', 'Anta'),
(174, 20605, '%C1ncash', 'Carhuaz', 'Ataquero'),
(174, 20606, '%C1ncash', 'Carhuaz', 'Marcara'),
(174, 20607, '%C1ncash', 'Carhuaz', 'Pariahuanca'),
(174, 20608, '%C1ncash', 'Carhuaz', 'San+Miguel+de+Aco'),
(174, 20609, '%C1ncash', 'Carhuaz', 'Shilla'),
(174, 20610, '%C1ncash', 'Carhuaz', 'Tinco'),
(174, 20611, '%C1ncash', 'Carhuaz', 'Yungar'),
(174, 20700, '%C1ncash', 'Carlos+Ferm%EDn+Fitzcarrald', ''),
(174, 20701, '%C1ncash', 'Carlos+Ferm%EDn+Fitzcarrald', 'San+Luis'),
(174, 20702, '%C1ncash', 'Carlos+Ferm%EDn+Fitzcarrald', 'San+Nicol%E1s'),
(174, 20703, '%C1ncash', 'Carlos+Ferm%EDn+Fitzcarrald', 'Yauya'),
(174, 20800, '%C1ncash', 'Casma', ''),
(174, 20801, '%C1ncash', 'Casma', 'Casma'),
(174, 20802, '%C1ncash', 'Casma', 'Buena+Vista+Alta'),
(174, 20803, '%C1ncash', 'Casma', 'Comandante+Noel'),
(174, 20804, '%C1ncash', 'Casma', 'Yautan'),
(174, 20900, '%C1ncash', 'Corongo', ''),
(174, 20901, '%C1ncash', 'Corongo', 'Corongo'),
(174, 20902, '%C1ncash', 'Corongo', 'Aco'),
(174, 20903, '%C1ncash', 'Corongo', 'Bambas'),
(174, 20904, '%C1ncash', 'Corongo', 'Cusca'),
(174, 20905, '%C1ncash', 'Corongo', 'La+Pampa'),
(174, 20906, '%C1ncash', 'Corongo', 'Yanac'),
(174, 20907, '%C1ncash', 'Corongo', 'Yupan'),
(174, 21000, '%C1ncash', 'Huari', ''),
(174, 21001, '%C1ncash', 'Huari', 'Huari'),
(174, 21002, '%C1ncash', 'Huari', 'Anra'),
(174, 21003, '%C1ncash', 'Huari', 'Cajay'),
(174, 21004, '%C1ncash', 'Huari', 'Chavin+de+Huantar'),
(174, 21005, '%C1ncash', 'Huari', 'Huacachi'),
(174, 21006, '%C1ncash', 'Huari', 'Huacchis'),
(174, 21007, '%C1ncash', 'Huari', 'Huachis'),
(174, 21008, '%C1ncash', 'Huari', 'Huantar'),
(174, 21009, '%C1ncash', 'Huari', 'Masin'),
(174, 21010, '%C1ncash', 'Huari', 'Paucas'),
(174, 21011, '%C1ncash', 'Huari', 'Ponto'),
(174, 21012, '%C1ncash', 'Huari', 'Rahuapampa'),
(174, 21013, '%C1ncash', 'Huari', 'Rapayan'),
(174, 21014, '%C1ncash', 'Huari', 'San+Marcos'),
(174, 21015, '%C1ncash', 'Huari', 'San+Pedro+de+Chana'),
(174, 21016, '%C1ncash', 'Huari', 'Uco'),
(174, 21100, '%C1ncash', 'Huarmey', ''),
(174, 21101, '%C1ncash', 'Huarmey', 'Huarmey'),
(174, 21102, '%C1ncash', 'Huarmey', 'Cochapeti'),
(174, 21103, '%C1ncash', 'Huarmey', 'Culebras'),
(174, 21104, '%C1ncash', 'Huarmey', 'Huayan'),
(174, 21105, '%C1ncash', 'Huarmey', 'Malvas'),
(174, 21200, '%C1ncash', 'Huaylas', ''),
(174, 21201, '%C1ncash', 'Huaylas', 'Caraz'),
(174, 21202, '%C1ncash', 'Huaylas', 'Huallanca'),
(174, 21203, '%C1ncash', 'Huaylas', 'Huata'),
(174, 21204, '%C1ncash', 'Huaylas', 'Huaylas'),
(174, 21205, '%C1ncash', 'Huaylas', 'Mato'),
(174, 21206, '%C1ncash', 'Huaylas', 'Pamparomas'),
(174, 21207, '%C1ncash', 'Huaylas', 'Pueblo+Libre'),
(174, 21208, '%C1ncash', 'Huaylas', 'Santa+Cruz'),
(174, 21209, '%C1ncash', 'Huaylas', 'Santo+Toribio'),
(174, 21210, '%C1ncash', 'Huaylas', 'Yuracmarca'),
(174, 21300, '%C1ncash', 'Mariscal+Luzuriaga', ''),
(174, 21301, '%C1ncash', 'Mariscal+Luzuriaga', 'Piscobamba'),
(174, 21302, '%C1ncash', 'Mariscal+Luzuriaga', 'Casca'),
(174, 21303, '%C1ncash', 'Mariscal+Luzuriaga', 'Eleazar+Guzm%E1n+Barron'),
(174, 21304, '%C1ncash', 'Mariscal+Luzuriaga', 'Fidel+Olivas+Escudero'),
(174, 21305, '%C1ncash', 'Mariscal+Luzuriaga', 'Llama'),
(174, 21306, '%C1ncash', 'Mariscal+Luzuriaga', 'Llumpa'),
(174, 21307, '%C1ncash', 'Mariscal+Luzuriaga', 'Lucma'),
(174, 21308, '%C1ncash', 'Mariscal+Luzuriaga', 'Musga'),
(174, 21400, '%C1ncash', 'Ocros', ''),
(174, 21401, '%C1ncash', 'Ocros', 'Ocros'),
(174, 21402, '%C1ncash', 'Ocros', 'Acas'),
(174, 21403, '%C1ncash', 'Ocros', 'Cajamarquilla'),
(174, 21404, '%C1ncash', 'Ocros', 'Carhuapampa'),
(174, 21405, '%C1ncash', 'Ocros', 'Cochas'),
(174, 21406, '%C1ncash', 'Ocros', 'Congas'),
(174, 21407, '%C1ncash', 'Ocros', 'Llipa'),
(174, 21408, '%C1ncash', 'Ocros', 'San+Crist%F3bal+de+Rajan'),
(174, 21409, '%C1ncash', 'Ocros', 'San+Pedro'),
(174, 21410, '%C1ncash', 'Ocros', 'Santiago+de+Chilcas'),
(174, 21500, '%C1ncash', 'Pallasca', ''),
(174, 21501, '%C1ncash', 'Pallasca', 'Cabana'),
(174, 21502, '%C1ncash', 'Pallasca', 'Bolognesi'),
(174, 21503, '%C1ncash', 'Pallasca', 'Conchucos'),
(174, 21504, '%C1ncash', 'Pallasca', 'Huacaschuque'),
(174, 21505, '%C1ncash', 'Pallasca', 'Huandoval'),
(174, 21506, '%C1ncash', 'Pallasca', 'Lacabamba'),
(174, 21507, '%C1ncash', 'Pallasca', 'Llapo'),
(174, 21508, '%C1ncash', 'Pallasca', 'Pallasca'),
(174, 21509, '%C1ncash', 'Pallasca', 'Pampas'),
(174, 21510, '%C1ncash', 'Pallasca', 'Santa+Rosa'),
(174, 21511, '%C1ncash', 'Pallasca', 'Tauca'),
(174, 21600, '%C1ncash', 'Pomabamba', ''),
(174, 21601, '%C1ncash', 'Pomabamba', 'Pomabamba'),
(174, 21602, '%C1ncash', 'Pomabamba', 'Huayllan'),
(174, 21603, '%C1ncash', 'Pomabamba', 'Parobamba'),
(174, 21604, '%C1ncash', 'Pomabamba', 'Quinuabamba'),
(174, 21700, '%C1ncash', 'Recuay', ''),
(174, 21701, '%C1ncash', 'Recuay', 'Recuay'),
(174, 21702, '%C1ncash', 'Recuay', 'Catac'),
(174, 21703, '%C1ncash', 'Recuay', 'Cotaparaco'),
(174, 21704, '%C1ncash', 'Recuay', 'Huayllapampa'),
(174, 21705, '%C1ncash', 'Recuay', 'Llacllin'),
(174, 21706, '%C1ncash', 'Recuay', 'Marca'),
(174, 21707, '%C1ncash', 'Recuay', 'Pampas+Chico'),
(174, 21708, '%C1ncash', 'Recuay', 'Pararin'),
(174, 21709, '%C1ncash', 'Recuay', 'Tapacocha'),
(174, 21710, '%C1ncash', 'Recuay', 'Ticapampa'),
(174, 21800, '%C1ncash', 'Santa', ''),
(174, 21801, '%C1ncash', 'Santa', 'Chimbote'),
(174, 21802, '%C1ncash', 'Santa', 'C%E1ceres+del+Per%FA'),
(174, 21803, '%C1ncash', 'Santa', 'Coishco'),
(174, 21804, '%C1ncash', 'Santa', 'Macate'),
(174, 21805, '%C1ncash', 'Santa', 'Moro'),
(174, 21806, '%C1ncash', 'Santa', 'Nepe%F1a'),
(174, 21807, '%C1ncash', 'Santa', 'Samanco'),
(174, 21808, '%C1ncash', 'Santa', 'Santa'),
(174, 21809, '%C1ncash', 'Santa', 'Nuevo+Chimbote'),
(174, 21900, '%C1ncash', 'Sihuas', ''),
(174, 21901, '%C1ncash', 'Sihuas', 'Sihuas'),
(174, 21902, '%C1ncash', 'Sihuas', 'Acobamba'),
(174, 21903, '%C1ncash', 'Sihuas', 'Alfonso+Ugarte'),
(174, 21904, '%C1ncash', 'Sihuas', 'Cashapampa'),
(174, 21905, '%C1ncash', 'Sihuas', 'Chingalpo'),
(174, 21906, '%C1ncash', 'Sihuas', 'Huayllabamba'),
(174, 21907, '%C1ncash', 'Sihuas', 'Quiches'),
(174, 21908, '%C1ncash', 'Sihuas', 'Ragash'),
(174, 21909, '%C1ncash', 'Sihuas', 'San+Juan'),
(174, 21910, '%C1ncash', 'Sihuas', 'Sicsibamba'),
(174, 22000, '%C1ncash', 'Yungay', ''),
(174, 22001, '%C1ncash', 'Yungay', 'Yungay'),
(174, 22002, '%C1ncash', 'Yungay', 'Cascapara'),
(174, 22003, '%C1ncash', 'Yungay', 'Mancos'),
(174, 22004, '%C1ncash', 'Yungay', 'Matacoto'),
(174, 22005, '%C1ncash', 'Yungay', 'Quillo'),
(174, 22006, '%C1ncash', 'Yungay', 'Ranrahirca'),
(174, 22007, '%C1ncash', 'Yungay', 'Shupluy'),
(174, 22008, '%C1ncash', 'Yungay', 'Yanama'),
(174, 30000, 'Apur%EDmac', '', ''),
(174, 30100, 'Apur%EDmac', 'Abancay', ''),
(174, 30101, 'Apur%EDmac', 'Abancay', 'Abancay'),
(174, 30102, 'Apur%EDmac', 'Abancay', 'Chacoche'),
(174, 30103, 'Apur%EDmac', 'Abancay', 'Circa'),
(174, 30104, 'Apur%EDmac', 'Abancay', 'Curahuasi'),
(174, 30105, 'Apur%EDmac', 'Abancay', 'Huanipaca'),
(174, 30106, 'Apur%EDmac', 'Abancay', 'Lambrama'),
(174, 30107, 'Apur%EDmac', 'Abancay', 'Pichirhua'),
(174, 30108, 'Apur%EDmac', 'Abancay', 'San+Pedro+de+Cachora'),
(174, 30109, 'Apur%EDmac', 'Abancay', 'Tamburco'),
(174, 30200, 'Apur%EDmac', 'Andahuaylas', ''),
(174, 30201, 'Apur%EDmac', 'Andahuaylas', 'Andahuaylas'),
(174, 30202, 'Apur%EDmac', 'Andahuaylas', 'Andarapa'),
(174, 30203, 'Apur%EDmac', 'Andahuaylas', 'Chiara'),
(174, 30204, 'Apur%EDmac', 'Andahuaylas', 'Huancarama'),
(174, 30205, 'Apur%EDmac', 'Andahuaylas', 'Huancaray'),
(174, 30206, 'Apur%EDmac', 'Andahuaylas', 'Huayana'),
(174, 30207, 'Apur%EDmac', 'Andahuaylas', 'Kishuara'),
(174, 30208, 'Apur%EDmac', 'Andahuaylas', 'Pacobamba'),
(174, 30209, 'Apur%EDmac', 'Andahuaylas', 'Pacucha'),
(174, 30210, 'Apur%EDmac', 'Andahuaylas', 'Pampachiri'),
(174, 30211, 'Apur%EDmac', 'Andahuaylas', 'Pomacocha'),
(174, 30212, 'Apur%EDmac', 'Andahuaylas', 'San+Antonio+de+Cachi'),
(174, 30213, 'Apur%EDmac', 'Andahuaylas', 'San+Jer%F3nimo'),
(174, 30214, 'Apur%EDmac', 'Andahuaylas', 'San+Miguel+de+Chaccrampa'),
(174, 30215, 'Apur%EDmac', 'Andahuaylas', 'Santa+Mar%EDa+de+Chicmo'),
(174, 30216, 'Apur%EDmac', 'Andahuaylas', 'Talavera'),
(174, 30217, 'Apur%EDmac', 'Andahuaylas', 'Tumay+Huaraca'),
(174, 30218, 'Apur%EDmac', 'Andahuaylas', 'Turpo'),
(174, 30219, 'Apur%EDmac', 'Andahuaylas', 'Kaquiabamba'),
(174, 30220, 'Apur%EDmac', 'Andahuaylas', 'Jos%E9+Mar%EDa+Arguedas'),
(174, 30300, 'Apur%EDmac', 'Antabamba', ''),
(174, 30301, 'Apur%EDmac', 'Antabamba', 'Antabamba'),
(174, 30302, 'Apur%EDmac', 'Antabamba', 'El+Oro'),
(174, 30303, 'Apur%EDmac', 'Antabamba', 'Huaquirca'),
(174, 30304, 'Apur%EDmac', 'Antabamba', 'Juan+Espinoza+Medrano'),
(174, 30305, 'Apur%EDmac', 'Antabamba', 'Oropesa'),
(174, 30306, 'Apur%EDmac', 'Antabamba', 'Pachaconas'),
(174, 30307, 'Apur%EDmac', 'Antabamba', 'Sabaino'),
(174, 30400, 'Apur%EDmac', 'Aymaraes', ''),
(174, 30401, 'Apur%EDmac', 'Aymaraes', 'Chalhuanca'),
(174, 30402, 'Apur%EDmac', 'Aymaraes', 'Capaya'),
(174, 30403, 'Apur%EDmac', 'Aymaraes', 'Caraybamba'),
(174, 30404, 'Apur%EDmac', 'Aymaraes', 'Chapimarca'),
(174, 30405, 'Apur%EDmac', 'Aymaraes', 'Colcabamba'),
(174, 30406, 'Apur%EDmac', 'Aymaraes', 'Cotaruse'),
(174, 30407, 'Apur%EDmac', 'Aymaraes', 'Huayllo'),
(174, 30408, 'Apur%EDmac', 'Aymaraes', 'Justo+Apu+Sahuaraura'),
(174, 30409, 'Apur%EDmac', 'Aymaraes', 'Lucre'),
(174, 30410, 'Apur%EDmac', 'Aymaraes', 'Pocohuanca'),
(174, 30411, 'Apur%EDmac', 'Aymaraes', 'San+Juan+de+Chac%F1a'),
(174, 30412, 'Apur%EDmac', 'Aymaraes', 'Sa%F1ayca'),
(174, 30413, 'Apur%EDmac', 'Aymaraes', 'Soraya'),
(174, 30414, 'Apur%EDmac', 'Aymaraes', 'Tapairihua'),
(174, 30415, 'Apur%EDmac', 'Aymaraes', 'Tintay'),
(174, 30416, 'Apur%EDmac', 'Aymaraes', 'Toraya'),
(174, 30417, 'Apur%EDmac', 'Aymaraes', 'Yanaca'),
(174, 30500, 'Apur%EDmac', 'Cotabambas', ''),
(174, 30501, 'Apur%EDmac', 'Cotabambas', 'Tambobamba'),
(174, 30502, 'Apur%EDmac', 'Cotabambas', 'Cotabambas'),
(174, 30503, 'Apur%EDmac', 'Cotabambas', 'Coyllurqui'),
(174, 30504, 'Apur%EDmac', 'Cotabambas', 'Haquira'),
(174, 30505, 'Apur%EDmac', 'Cotabambas', 'Mara'),
(174, 30506, 'Apur%EDmac', 'Cotabambas', 'Challhuahuacho'),
(174, 30600, 'Apur%EDmac', 'Chincheros', ''),
(174, 30601, 'Apur%EDmac', 'Chincheros', 'Chincheros'),
(174, 30602, 'Apur%EDmac', 'Chincheros', 'Anco_Huallo'),
(174, 30603, 'Apur%EDmac', 'Chincheros', 'Cocharcas'),
(174, 30604, 'Apur%EDmac', 'Chincheros', 'Huaccana'),
(174, 30605, 'Apur%EDmac', 'Chincheros', 'Ocobamba'),
(174, 30606, 'Apur%EDmac', 'Chincheros', 'Ongoy'),
(174, 30607, 'Apur%EDmac', 'Chincheros', 'Uranmarca'),
(174, 30608, 'Apur%EDmac', 'Chincheros', 'Ranracancha'),
(174, 30700, 'Apur%EDmac', 'Grau', ''),
(174, 30701, 'Apur%EDmac', 'Grau', 'Chuquibambilla'),
(174, 30702, 'Apur%EDmac', 'Grau', 'Curpahuasi'),
(174, 30703, 'Apur%EDmac', 'Grau', 'Gamarra'),
(174, 30704, 'Apur%EDmac', 'Grau', 'Huayllati'),
(174, 30705, 'Apur%EDmac', 'Grau', 'Mamara'),
(174, 30706, 'Apur%EDmac', 'Grau', 'Micaela+Bastidas'),
(174, 30707, 'Apur%EDmac', 'Grau', 'Pataypampa'),
(174, 30708, 'Apur%EDmac', 'Grau', 'Progreso'),
(174, 30709, 'Apur%EDmac', 'Grau', 'San+Antonio'),
(174, 30710, 'Apur%EDmac', 'Grau', 'Santa+Rosa'),
(174, 30711, 'Apur%EDmac', 'Grau', 'Turpay'),
(174, 30712, 'Apur%EDmac', 'Grau', 'Vilcabamba'),
(174, 30713, 'Apur%EDmac', 'Grau', 'Virundo'),
(174, 30714, 'Apur%EDmac', 'Grau', 'Curasco'),
(174, 40000, 'Arequipa', '', ''),
(174, 40100, 'Arequipa', 'Arequipa', ''),
(174, 40101, 'Arequipa', 'Arequipa', 'Arequipa'),
(174, 40102, 'Arequipa', 'Arequipa', 'Alto+Selva+Alegre'),
(174, 40103, 'Arequipa', 'Arequipa', 'Cayma'),
(174, 40104, 'Arequipa', 'Arequipa', 'Cerro+Colorado'),
(174, 40105, 'Arequipa', 'Arequipa', 'Characato'),
(174, 40106, 'Arequipa', 'Arequipa', 'Chiguata'),
(174, 40107, 'Arequipa', 'Arequipa', 'Jacobo+Hunter'),
(174, 40108, 'Arequipa', 'Arequipa', 'La+Joya'),
(174, 40109, 'Arequipa', 'Arequipa', 'Mariano+Melgar'),
(174, 40110, 'Arequipa', 'Arequipa', 'Miraflores'),
(174, 40111, 'Arequipa', 'Arequipa', 'Mollebaya'),
(174, 40112, 'Arequipa', 'Arequipa', 'Paucarpata'),
(174, 40113, 'Arequipa', 'Arequipa', 'Pocsi'),
(174, 40114, 'Arequipa', 'Arequipa', 'Polobaya'),
(174, 40115, 'Arequipa', 'Arequipa', 'Queque%F1a'),
(174, 40116, 'Arequipa', 'Arequipa', 'Sabandia'),
(174, 40117, 'Arequipa', 'Arequipa', 'Sachaca'),
(174, 40118, 'Arequipa', 'Arequipa', 'San+Juan+de+Siguas'),
(174, 40119, 'Arequipa', 'Arequipa', 'San+Juan+de+Tarucani'),
(174, 40120, 'Arequipa', 'Arequipa', 'Santa+Isabel+de+Siguas'),
(174, 40121, 'Arequipa', 'Arequipa', 'Santa+Rita+de+Siguas'),
(174, 40122, 'Arequipa', 'Arequipa', 'Socabaya'),
(174, 40123, 'Arequipa', 'Arequipa', 'Tiabaya'),
(174, 40124, 'Arequipa', 'Arequipa', 'Uchumayo'),
(174, 40125, 'Arequipa', 'Arequipa', 'Vitor'),
(174, 40126, 'Arequipa', 'Arequipa', 'Yanahuara'),
(174, 40127, 'Arequipa', 'Arequipa', 'Yarabamba'),
(174, 40128, 'Arequipa', 'Arequipa', 'Yura'),
(174, 40129, 'Arequipa', 'Arequipa', 'Jos%E9+Luis+Bustamante+Y+Rivero'),
(174, 40200, 'Arequipa', 'Caman%E1', ''),
(174, 40201, 'Arequipa', 'Caman%E1', 'Caman%E1'),
(174, 40202, 'Arequipa', 'Caman%E1', 'Jos%E9+Mar%EDa+Quimper'),
(174, 40203, 'Arequipa', 'Caman%E1', 'Mariano+Nicol%E1s+Valc%E1rcel'),
(174, 40204, 'Arequipa', 'Caman%E1', 'Mariscal+C%E1ceres'),
(174, 40205, 'Arequipa', 'Caman%E1', 'Nicol%E1s+de+Pierola'),
(174, 40206, 'Arequipa', 'Caman%E1', 'Oco%F1a'),
(174, 40207, 'Arequipa', 'Caman%E1', 'Quilca'),
(174, 40208, 'Arequipa', 'Caman%E1', 'Samuel+Pastor'),
(174, 40300, 'Arequipa', 'Caravel%ED', ''),
(174, 40301, 'Arequipa', 'Caravel%ED', 'Caravel%ED'),
(174, 40302, 'Arequipa', 'Caravel%ED', 'Acar%ED'),
(174, 40303, 'Arequipa', 'Caravel%ED', 'Atico'),
(174, 40304, 'Arequipa', 'Caravel%ED', 'Atiquipa'),
(174, 40305, 'Arequipa', 'Caravel%ED', 'Bella+Uni%F3n'),
(174, 40306, 'Arequipa', 'Caravel%ED', 'Cahuacho'),
(174, 40307, 'Arequipa', 'Caravel%ED', 'Chala'),
(174, 40308, 'Arequipa', 'Caravel%ED', 'Chaparra'),
(174, 40309, 'Arequipa', 'Caravel%ED', 'Huanuhuanu'),
(174, 40310, 'Arequipa', 'Caravel%ED', 'Jaqui'),
(174, 40311, 'Arequipa', 'Caravel%ED', 'Lomas'),
(174, 40312, 'Arequipa', 'Caravel%ED', 'Quicacha'),
(174, 40313, 'Arequipa', 'Caravel%ED', 'Yauca'),
(174, 40400, 'Arequipa', 'Castilla', ''),
(174, 40401, 'Arequipa', 'Castilla', 'Aplao'),
(174, 40402, 'Arequipa', 'Castilla', 'Andagua'),
(174, 40403, 'Arequipa', 'Castilla', 'Ayo'),
(174, 40404, 'Arequipa', 'Castilla', 'Chachas'),
(174, 40405, 'Arequipa', 'Castilla', 'Chilcaymarca'),
(174, 40406, 'Arequipa', 'Castilla', 'Choco'),
(174, 40407, 'Arequipa', 'Castilla', 'Huancarqui'),
(174, 40408, 'Arequipa', 'Castilla', 'Machaguay'),
(174, 40409, 'Arequipa', 'Castilla', 'Orcopampa'),
(174, 40410, 'Arequipa', 'Castilla', 'Pampacolca'),
(174, 40411, 'Arequipa', 'Castilla', 'Tipan'),
(174, 40412, 'Arequipa', 'Castilla', 'U%F1on'),
(174, 40413, 'Arequipa', 'Castilla', 'Uraca'),
(174, 40414, 'Arequipa', 'Castilla', 'Viraco'),
(174, 40500, 'Arequipa', 'Caylloma', ''),
(174, 40501, 'Arequipa', 'Caylloma', 'Chivay'),
(174, 40502, 'Arequipa', 'Caylloma', 'Achoma'),
(174, 40503, 'Arequipa', 'Caylloma', 'Cabanaconde'),
(174, 40504, 'Arequipa', 'Caylloma', 'Callalli'),
(174, 40505, 'Arequipa', 'Caylloma', 'Caylloma'),
(174, 40506, 'Arequipa', 'Caylloma', 'Coporaque'),
(174, 40507, 'Arequipa', 'Caylloma', 'Huambo'),
(174, 40508, 'Arequipa', 'Caylloma', 'Huanca'),
(174, 40509, 'Arequipa', 'Caylloma', 'Ichupampa'),
(174, 40510, 'Arequipa', 'Caylloma', 'Lari'),
(174, 40511, 'Arequipa', 'Caylloma', 'Lluta'),
(174, 40512, 'Arequipa', 'Caylloma', 'Maca'),
(174, 40513, 'Arequipa', 'Caylloma', 'Madrigal'),
(174, 40514, 'Arequipa', 'Caylloma', 'San+Antonio+de+Chuca'),
(174, 40515, 'Arequipa', 'Caylloma', 'Sibayo'),
(174, 40516, 'Arequipa', 'Caylloma', 'Tapay'),
(174, 40517, 'Arequipa', 'Caylloma', 'Tisco'),
(174, 40518, 'Arequipa', 'Caylloma', 'Tuti'),
(174, 40519, 'Arequipa', 'Caylloma', 'Yanque'),
(174, 40520, 'Arequipa', 'Caylloma', 'Majes'),
(174, 40600, 'Arequipa', 'Condesuyos', ''),
(174, 40601, 'Arequipa', 'Condesuyos', 'Chuquibamba'),
(174, 40602, 'Arequipa', 'Condesuyos', 'Andaray'),
(174, 40603, 'Arequipa', 'Condesuyos', 'Cayarani'),
(174, 40604, 'Arequipa', 'Condesuyos', 'Chichas'),
(174, 40605, 'Arequipa', 'Condesuyos', 'Iray'),
(174, 40606, 'Arequipa', 'Condesuyos', 'R%EDo+Grande'),
(174, 40607, 'Arequipa', 'Condesuyos', 'Salamanca'),
(174, 40608, 'Arequipa', 'Condesuyos', 'Yanaquihua'),
(174, 40700, 'Arequipa', 'Islay', ''),
(174, 40701, 'Arequipa', 'Islay', 'Mollendo'),
(174, 40702, 'Arequipa', 'Islay', 'Cocachacra'),
(174, 40703, 'Arequipa', 'Islay', 'Dean+Valdivia'),
(174, 40704, 'Arequipa', 'Islay', 'Islay'),
(174, 40705, 'Arequipa', 'Islay', 'Mejia'),
(174, 40706, 'Arequipa', 'Islay', 'Punta+de+Bomb%F3n'),
(174, 40800, 'Arequipa', 'La+Uni%F2n', ''),
(174, 40801, 'Arequipa', 'La+Uni%F2n', 'Cotahuasi'),
(174, 40802, 'Arequipa', 'La+Uni%F2n', 'Alca'),
(174, 40803, 'Arequipa', 'La+Uni%F2n', 'Charcana'),
(174, 40804, 'Arequipa', 'La+Uni%F2n', 'Huaynacotas'),
(174, 40805, 'Arequipa', 'La+Uni%F2n', 'Pampamarca'),
(174, 40806, 'Arequipa', 'La+Uni%F2n', 'Puyca'),
(174, 40807, 'Arequipa', 'La+Uni%F2n', 'Quechualla'),
(174, 40808, 'Arequipa', 'La+Uni%F2n', 'Sayla'),
(174, 40809, 'Arequipa', 'La+Uni%F2n', 'Tauria'),
(174, 40810, 'Arequipa', 'La+Uni%F2n', 'Tomepampa'),
(174, 40811, 'Arequipa', 'La+Uni%F2n', 'Toro'),
(174, 50000, 'Ayacucho', '', ''),
(174, 50100, 'Ayacucho', 'Huamanga', ''),
(174, 50101, 'Ayacucho', 'Huamanga', 'Ayacucho'),
(174, 50102, 'Ayacucho', 'Huamanga', 'Acocro'),
(174, 50103, 'Ayacucho', 'Huamanga', 'Acos+Vinchos'),
(174, 50104, 'Ayacucho', 'Huamanga', 'Carmen+Alto'),
(174, 50105, 'Ayacucho', 'Huamanga', 'Chiara'),
(174, 50106, 'Ayacucho', 'Huamanga', 'Ocros'),
(174, 50107, 'Ayacucho', 'Huamanga', 'Pacaycasa'),
(174, 50108, 'Ayacucho', 'Huamanga', 'Quinua'),
(174, 50109, 'Ayacucho', 'Huamanga', 'San+Jos%E9+de+Ticllas'),
(174, 50110, 'Ayacucho', 'Huamanga', 'San+Juan+Bautista'),
(174, 50111, 'Ayacucho', 'Huamanga', 'Santiago+de+Pischa'),
(174, 50112, 'Ayacucho', 'Huamanga', 'Socos'),
(174, 50113, 'Ayacucho', 'Huamanga', 'Tambillo'),
(174, 50114, 'Ayacucho', 'Huamanga', 'Vinchos'),
(174, 50115, 'Ayacucho', 'Huamanga', 'Jes%FAs+Nazareno'),
(174, 50116, 'Ayacucho', 'Huamanga', 'Andr%E9s+Avelino+C%E1ceres+Dorregaray'),
(174, 50200, 'Ayacucho', 'Cangallo', ''),
(174, 50201, 'Ayacucho', 'Cangallo', 'Cangallo'),
(174, 50202, 'Ayacucho', 'Cangallo', 'Chuschi'),
(174, 50203, 'Ayacucho', 'Cangallo', 'Los+Morochucos'),
(174, 50204, 'Ayacucho', 'Cangallo', 'Mar%EDa+Parado+de+Bellido'),
(174, 50205, 'Ayacucho', 'Cangallo', 'Paras'),
(174, 50206, 'Ayacucho', 'Cangallo', 'Totos'),
(174, 50300, 'Ayacucho', 'Huanca+Sancos', ''),
(174, 50301, 'Ayacucho', 'Huanca+Sancos', 'Sancos'),
(174, 50302, 'Ayacucho', 'Huanca+Sancos', 'Carapo'),
(174, 50303, 'Ayacucho', 'Huanca+Sancos', 'Sacsamarca'),
(174, 50304, 'Ayacucho', 'Huanca+Sancos', 'Santiago+de+Lucanamarca'),
(174, 50400, 'Ayacucho', 'Huanta', ''),
(174, 50401, 'Ayacucho', 'Huanta', 'Huanta'),
(174, 50402, 'Ayacucho', 'Huanta', 'Ayahuanco'),
(174, 50403, 'Ayacucho', 'Huanta', 'Huamanguilla'),
(174, 50404, 'Ayacucho', 'Huanta', 'Iguain'),
(174, 50405, 'Ayacucho', 'Huanta', 'Luricocha'),
(174, 50406, 'Ayacucho', 'Huanta', 'Santillana'),
(174, 50407, 'Ayacucho', 'Huanta', 'Sivia'),
(174, 50408, 'Ayacucho', 'Huanta', 'Llochegua'),
(174, 50409, 'Ayacucho', 'Huanta', 'Canayre'),
(174, 50410, 'Ayacucho', 'Huanta', 'Uchuraccay'),
(174, 50411, 'Ayacucho', 'Huanta', 'Pucacolpa'),
(174, 50500, 'Ayacucho', 'La+Mar', ''),
(174, 50501, 'Ayacucho', 'La+Mar', 'San+Miguel'),
(174, 50502, 'Ayacucho', 'La+Mar', 'Anco'),
(174, 50503, 'Ayacucho', 'La+Mar', 'Ayna'),
(174, 50504, 'Ayacucho', 'La+Mar', 'Chilcas'),
(174, 50505, 'Ayacucho', 'La+Mar', 'Chungui'),
(174, 50506, 'Ayacucho', 'La+Mar', 'Luis+Carranza'),
(174, 50507, 'Ayacucho', 'La+Mar', 'Santa+Rosa'),
(174, 50508, 'Ayacucho', 'La+Mar', 'Tambo'),
(174, 50509, 'Ayacucho', 'La+Mar', 'Samugari'),
(174, 50510, 'Ayacucho', 'La+Mar', 'Anchihuay'),
(174, 50600, 'Ayacucho', 'Lucanas', ''),
(174, 50601, 'Ayacucho', 'Lucanas', 'Puquio'),
(174, 50602, 'Ayacucho', 'Lucanas', 'Aucara'),
(174, 50603, 'Ayacucho', 'Lucanas', 'Cabana'),
(174, 50604, 'Ayacucho', 'Lucanas', 'Carmen+Salcedo'),
(174, 50605, 'Ayacucho', 'Lucanas', 'Chavi%F1a'),
(174, 50606, 'Ayacucho', 'Lucanas', 'Chipao'),
(174, 50607, 'Ayacucho', 'Lucanas', 'Huac-Huas'),
(174, 50608, 'Ayacucho', 'Lucanas', 'Laramate'),
(174, 50609, 'Ayacucho', 'Lucanas', 'Leoncio+Prado'),
(174, 50610, 'Ayacucho', 'Lucanas', 'Llauta'),
(174, 50611, 'Ayacucho', 'Lucanas', 'Lucanas'),
(174, 50612, 'Ayacucho', 'Lucanas', 'Oca%F1a'),
(174, 50613, 'Ayacucho', 'Lucanas', 'Otoca'),
(174, 50614, 'Ayacucho', 'Lucanas', 'Saisa'),
(174, 50615, 'Ayacucho', 'Lucanas', 'San+Crist%F3bal'),
(174, 50616, 'Ayacucho', 'Lucanas', 'San+Juan'),
(174, 50617, 'Ayacucho', 'Lucanas', 'San+Pedro'),
(174, 50618, 'Ayacucho', 'Lucanas', 'San+Pedro+de+Palco'),
(174, 50619, 'Ayacucho', 'Lucanas', 'Sancos'),
(174, 50620, 'Ayacucho', 'Lucanas', 'Santa+Ana+de+Huaycahuacho'),
(174, 50621, 'Ayacucho', 'Lucanas', 'Santa+Lucia'),
(174, 50700, 'Ayacucho', 'Parinacochas', ''),
(174, 50701, 'Ayacucho', 'Parinacochas', 'Coracora'),
(174, 50702, 'Ayacucho', 'Parinacochas', 'Chumpi'),
(174, 50703, 'Ayacucho', 'Parinacochas', 'Coronel+Casta%F1eda'),
(174, 50704, 'Ayacucho', 'Parinacochas', 'Pacapausa'),
(174, 50705, 'Ayacucho', 'Parinacochas', 'Pullo'),
(174, 50706, 'Ayacucho', 'Parinacochas', 'Puyusca'),
(174, 50707, 'Ayacucho', 'Parinacochas', 'San+Francisco+de+Ravacayco'),
(174, 50708, 'Ayacucho', 'Parinacochas', 'Upahuacho'),
(174, 50800, 'Ayacucho', 'P%E0ucar+del+Sara+Sara', ''),
(174, 50801, 'Ayacucho', 'P%E0ucar+del+Sara+Sara', 'Pausa'),
(174, 50802, 'Ayacucho', 'P%E0ucar+del+Sara+Sara', 'Colta'),
(174, 50803, 'Ayacucho', 'P%E0ucar+del+Sara+Sara', 'Corculla'),
(174, 50804, 'Ayacucho', 'P%E0ucar+del+Sara+Sara', 'Lampa'),
(174, 50805, 'Ayacucho', 'P%E0ucar+del+Sara+Sara', 'Marcabamba'),
(174, 50806, 'Ayacucho', 'P%E0ucar+del+Sara+Sara', 'Oyolo'),
(174, 50807, 'Ayacucho', 'P%E0ucar+del+Sara+Sara', 'Pararca'),
(174, 50808, 'Ayacucho', 'P%E0ucar+del+Sara+Sara', 'San+Javier+de+Alpabamba'),
(174, 50809, 'Ayacucho', 'P%E0ucar+del+Sara+Sara', 'San+Jos%E9+de+Ushua'),
(174, 50810, 'Ayacucho', 'P%E0ucar+del+Sara+Sara', 'Sara+Sara'),
(174, 50900, 'Ayacucho', 'Sucre', ''),
(174, 50901, 'Ayacucho', 'Sucre', 'Querobamba'),
(174, 50902, 'Ayacucho', 'Sucre', 'Bel%E9n'),
(174, 50903, 'Ayacucho', 'Sucre', 'Chalcos'),
(174, 50904, 'Ayacucho', 'Sucre', 'Chilcayoc'),
(174, 50905, 'Ayacucho', 'Sucre', 'Huaca%F1a'),
(174, 50906, 'Ayacucho', 'Sucre', 'Morcolla'),
(174, 50907, 'Ayacucho', 'Sucre', 'Paico'),
(174, 50908, 'Ayacucho', 'Sucre', 'San+Pedro+de+Larcay'),
(174, 50909, 'Ayacucho', 'Sucre', 'San+Salvador+de+Quije'),
(174, 50910, 'Ayacucho', 'Sucre', 'Santiago+de+Paucaray'),
(174, 50911, 'Ayacucho', 'Sucre', 'Soras'),
(174, 51000, 'Ayacucho', 'V%EDctor+Fajardo', ''),
(174, 51001, 'Ayacucho', 'V%EDctor+Fajardo', 'Huancapi'),
(174, 51002, 'Ayacucho', 'V%EDctor+Fajardo', 'Alcamenca'),
(174, 51003, 'Ayacucho', 'V%EDctor+Fajardo', 'Apongo'),
(174, 51004, 'Ayacucho', 'V%EDctor+Fajardo', 'Asquipata'),
(174, 51005, 'Ayacucho', 'V%EDctor+Fajardo', 'Canaria'),
(174, 51006, 'Ayacucho', 'V%EDctor+Fajardo', 'Cayara'),
(174, 51007, 'Ayacucho', 'V%EDctor+Fajardo', 'Colca'),
(174, 51008, 'Ayacucho', 'V%EDctor+Fajardo', 'Huamanquiquia'),
(174, 51009, 'Ayacucho', 'V%EDctor+Fajardo', 'Huancaraylla'),
(174, 51010, 'Ayacucho', 'V%EDctor+Fajardo', 'Huaya'),
(174, 51011, 'Ayacucho', 'V%EDctor+Fajardo', 'Sarhua'),
(174, 51012, 'Ayacucho', 'V%EDctor+Fajardo', 'Vilcanchos'),
(174, 51100, 'Ayacucho', 'Vilcas+Huam%E1n', ''),
(174, 51101, 'Ayacucho', 'Vilcas+Huam%E1n', 'Vilcas+Huaman'),
(174, 51102, 'Ayacucho', 'Vilcas+Huam%E1n', 'Accomarca'),
(174, 51103, 'Ayacucho', 'Vilcas+Huam%E1n', 'Carhuanca'),
(174, 51104, 'Ayacucho', 'Vilcas+Huam%E1n', 'Concepci%F3n'),
(174, 51105, 'Ayacucho', 'Vilcas+Huam%E1n', 'Huambalpa'),
(174, 51106, 'Ayacucho', 'Vilcas+Huam%E1n', 'Independencia'),
(174, 51107, 'Ayacucho', 'Vilcas+Huam%E1n', 'Saurama'),
(174, 51108, 'Ayacucho', 'Vilcas+Huam%E1n', 'Vischongo'),
(174, 60000, 'Cajamarca', '', ''),
(174, 60100, 'Cajamarca', 'Cajamarca', ''),
(174, 60101, 'Cajamarca', 'Cajamarca', 'Cajamarca'),
(174, 60102, 'Cajamarca', 'Cajamarca', 'Asunci%F3n'),
(174, 60103, 'Cajamarca', 'Cajamarca', 'Chetilla'),
(174, 60104, 'Cajamarca', 'Cajamarca', 'Cospan'),
(174, 60105, 'Cajamarca', 'Cajamarca', 'Enca%F1ada'),
(174, 60106, 'Cajamarca', 'Cajamarca', 'Jes%FAs'),
(174, 60107, 'Cajamarca', 'Cajamarca', 'Llacanora'),
(174, 60108, 'Cajamarca', 'Cajamarca', 'Los+Ba%F1os+del+Inca'),
(174, 60109, 'Cajamarca', 'Cajamarca', 'Magdalena'),
(174, 60110, 'Cajamarca', 'Cajamarca', 'Matara'),
(174, 60111, 'Cajamarca', 'Cajamarca', 'Namora'),
(174, 60112, 'Cajamarca', 'Cajamarca', 'San+Juan'),
(174, 60200, 'Cajamarca', 'Cajabamba', ''),
(174, 60201, 'Cajamarca', 'Cajabamba', 'Cajabamba'),
(174, 60202, 'Cajamarca', 'Cajabamba', 'Cachachi'),
(174, 60203, 'Cajamarca', 'Cajabamba', 'Condebamba'),
(174, 60204, 'Cajamarca', 'Cajabamba', 'Sitacocha'),
(174, 60300, 'Cajamarca', 'Celend%EDn', ''),
(174, 60301, 'Cajamarca', 'Celend%EDn', 'Celend%EDn'),
(174, 60302, 'Cajamarca', 'Celend%EDn', 'Chumuch'),
(174, 60303, 'Cajamarca', 'Celend%EDn', 'Cortegana'),
(174, 60304, 'Cajamarca', 'Celend%EDn', 'Huasmin'),
(174, 60305, 'Cajamarca', 'Celend%EDn', 'Jorge+Ch%E1vez'),
(174, 60306, 'Cajamarca', 'Celend%EDn', 'Jos%E9+G%E1lvez'),
(174, 60307, 'Cajamarca', 'Celend%EDn', 'Miguel+Iglesias'),
(174, 60308, 'Cajamarca', 'Celend%EDn', 'Oxamarca'),
(174, 60309, 'Cajamarca', 'Celend%EDn', 'Sorochuco'),
(174, 60310, 'Cajamarca', 'Celend%EDn', 'Sucre'),
(174, 60311, 'Cajamarca', 'Celend%EDn', 'Utco'),
(174, 60312, 'Cajamarca', 'Celend%EDn', 'La+Libertad+de+Pallan'),
(174, 60400, 'Cajamarca', 'Chota', ''),
(174, 60401, 'Cajamarca', 'Chota', 'Chota'),
(174, 60402, 'Cajamarca', 'Chota', 'Anguia'),
(174, 60403, 'Cajamarca', 'Chota', 'Chadin'),
(174, 60404, 'Cajamarca', 'Chota', 'Chiguirip'),
(174, 60405, 'Cajamarca', 'Chota', 'Chimban'),
(174, 60406, 'Cajamarca', 'Chota', 'Choropampa'),
(174, 60407, 'Cajamarca', 'Chota', 'Cochabamba'),
(174, 60408, 'Cajamarca', 'Chota', 'Conchan'),
(174, 60409, 'Cajamarca', 'Chota', 'Huambos'),
(174, 60410, 'Cajamarca', 'Chota', 'Lajas'),
(174, 60411, 'Cajamarca', 'Chota', 'Llama'),
(174, 60412, 'Cajamarca', 'Chota', 'Miracosta'),
(174, 60413, 'Cajamarca', 'Chota', 'Paccha'),
(174, 60414, 'Cajamarca', 'Chota', 'Pion'),
(174, 60415, 'Cajamarca', 'Chota', 'Querocoto'),
(174, 60416, 'Cajamarca', 'Chota', 'San+Juan+de+Licupis'),
(174, 60417, 'Cajamarca', 'Chota', 'Tacabamba'),
(174, 60418, 'Cajamarca', 'Chota', 'Tocmoche'),
(174, 60419, 'Cajamarca', 'Chota', 'Chalamarca'),
(174, 60500, 'Cajamarca', 'Contumaz%E1', ''),
(174, 60501, 'Cajamarca', 'Contumaz%E1', 'Contumaza'),
(174, 60502, 'Cajamarca', 'Contumaz%E1', 'Chilete'),
(174, 60503, 'Cajamarca', 'Contumaz%E1', 'Cupisnique'),
(174, 60504, 'Cajamarca', 'Contumaz%E1', 'Guzmango'),
(174, 60505, 'Cajamarca', 'Contumaz%E1', 'San+Benito'),
(174, 60506, 'Cajamarca', 'Contumaz%E1', 'Santa+Cruz+de+Toledo'),
(174, 60507, 'Cajamarca', 'Contumaz%E1', 'Tantarica'),
(174, 60508, 'Cajamarca', 'Contumaz%E1', 'Yonan'),
(174, 60600, 'Cajamarca', 'Cutervo', ''),
(174, 60601, 'Cajamarca', 'Cutervo', 'Cutervo'),
(174, 60602, 'Cajamarca', 'Cutervo', 'Callayuc'),
(174, 60603, 'Cajamarca', 'Cutervo', 'Choros'),
(174, 60604, 'Cajamarca', 'Cutervo', 'Cujillo'),
(174, 60605, 'Cajamarca', 'Cutervo', 'La+Ramada'),
(174, 60606, 'Cajamarca', 'Cutervo', 'Pimpingos'),
(174, 60607, 'Cajamarca', 'Cutervo', 'Querocotillo'),
(174, 60608, 'Cajamarca', 'Cutervo', 'San+Andr%E9s+de+Cutervo'),
(174, 60609, 'Cajamarca', 'Cutervo', 'San+Juan+de+Cutervo'),
(174, 60610, 'Cajamarca', 'Cutervo', 'San+Luis+de+Lucma'),
(174, 60611, 'Cajamarca', 'Cutervo', 'Santa+Cruz'),
(174, 60612, 'Cajamarca', 'Cutervo', 'Santo+Domingo+de+la+Capilla'),
(174, 60613, 'Cajamarca', 'Cutervo', 'Santo+Tomas'),
(174, 60614, 'Cajamarca', 'Cutervo', 'Socota'),
(174, 60615, 'Cajamarca', 'Cutervo', 'Toribio+Casanova'),
(174, 60700, 'Cajamarca', 'Hualgayoc', ''),
(174, 60701, 'Cajamarca', 'Hualgayoc', 'Bambamarca'),
(174, 60702, 'Cajamarca', 'Hualgayoc', 'Chugur'),
(174, 60703, 'Cajamarca', 'Hualgayoc', 'Hualgayoc'),
(174, 60800, 'Cajamarca', 'Ja%E9n', ''),
(174, 60801, 'Cajamarca', 'Ja%E9n', 'Ja%E9n'),
(174, 60802, 'Cajamarca', 'Ja%E9n', 'Bellavista'),
(174, 60803, 'Cajamarca', 'Ja%E9n', 'Chontali'),
(174, 60804, 'Cajamarca', 'Ja%E9n', 'Colasay'),
(174, 60805, 'Cajamarca', 'Ja%E9n', 'Huabal'),
(174, 60806, 'Cajamarca', 'Ja%E9n', 'Las+Pirias'),
(174, 60807, 'Cajamarca', 'Ja%E9n', 'Pomahuaca'),
(174, 60808, 'Cajamarca', 'Ja%E9n', 'Pucara'),
(174, 60809, 'Cajamarca', 'Ja%E9n', 'Sallique'),
(174, 60810, 'Cajamarca', 'Ja%E9n', 'San+Felipe'),
(174, 60811, 'Cajamarca', 'Ja%E9n', 'San+Jos%E9+del+Alto'),
(174, 60812, 'Cajamarca', 'Ja%E9n', 'Santa+Rosa'),
(174, 60900, 'Cajamarca', 'San+Ignacio', ''),
(174, 60901, 'Cajamarca', 'San+Ignacio', 'San+Ignacio'),
(174, 60902, 'Cajamarca', 'San+Ignacio', 'Chirinos'),
(174, 60903, 'Cajamarca', 'San+Ignacio', 'Huarango'),
(174, 60904, 'Cajamarca', 'San+Ignacio', 'La+Coipa'),
(174, 60905, 'Cajamarca', 'San+Ignacio', 'Namballe'),
(174, 60906, 'Cajamarca', 'San+Ignacio', 'San+Jos%E9+de+Lourdes'),
(174, 60907, 'Cajamarca', 'San+Ignacio', 'Tabaconas'),
(174, 61000, 'Cajamarca', 'San+Marcos', ''),
(174, 61001, 'Cajamarca', 'San+Marcos', 'Pedro+G%E1lvez'),
(174, 61002, 'Cajamarca', 'San+Marcos', 'Chancay'),
(174, 61003, 'Cajamarca', 'San+Marcos', 'Eduardo+Villanueva'),
(174, 61004, 'Cajamarca', 'San+Marcos', 'Gregorio+Pita'),
(174, 61005, 'Cajamarca', 'San+Marcos', 'Ichocan'),
(174, 61006, 'Cajamarca', 'San+Marcos', 'Jos%E9+Manuel+Quiroz'),
(174, 61007, 'Cajamarca', 'San+Marcos', 'Jos%E9+Sabogal'),
(174, 61100, 'Cajamarca', 'San+Miguel', ''),
(174, 61101, 'Cajamarca', 'San+Miguel', 'San+Miguel'),
(174, 61102, 'Cajamarca', 'San+Miguel', 'Bol%EDvar'),
(174, 61103, 'Cajamarca', 'San+Miguel', 'Calquis'),
(174, 61104, 'Cajamarca', 'San+Miguel', 'Catilluc'),
(174, 61105, 'Cajamarca', 'San+Miguel', 'El+Prado'),
(174, 61106, 'Cajamarca', 'San+Miguel', 'La+Florida'),
(174, 61107, 'Cajamarca', 'San+Miguel', 'Llapa'),
(174, 61108, 'Cajamarca', 'San+Miguel', 'Nanchoc'),
(174, 61109, 'Cajamarca', 'San+Miguel', 'Niepos'),
(174, 61110, 'Cajamarca', 'San+Miguel', 'San+Gregorio'),
(174, 61111, 'Cajamarca', 'San+Miguel', 'San+Silvestre+de+Cochan'),
(174, 61112, 'Cajamarca', 'San+Miguel', 'Tongod'),
(174, 61113, 'Cajamarca', 'San+Miguel', 'Uni%F3n+Agua+Blanca'),
(174, 61200, 'Cajamarca', 'San+Pablo', ''),
(174, 61201, 'Cajamarca', 'San+Pablo', 'San+Pablo'),
(174, 61202, 'Cajamarca', 'San+Pablo', 'San+Bernardino'),
(174, 61203, 'Cajamarca', 'San+Pablo', 'San+Luis'),
(174, 61204, 'Cajamarca', 'San+Pablo', 'Tumbaden'),
(174, 61300, 'Cajamarca', 'Santa+Cruz', ''),
(174, 61301, 'Cajamarca', 'Santa+Cruz', 'Santa+Cruz'),
(174, 61302, 'Cajamarca', 'Santa+Cruz', 'Andabamba'),
(174, 61303, 'Cajamarca', 'Santa+Cruz', 'Catache'),
(174, 61304, 'Cajamarca', 'Santa+Cruz', 'Chancayba%F1os'),
(174, 61305, 'Cajamarca', 'Santa+Cruz', 'La+Esperanza'),
(174, 61306, 'Cajamarca', 'Santa+Cruz', 'Ninabamba'),
(174, 61307, 'Cajamarca', 'Santa+Cruz', 'Pulan'),
(174, 61308, 'Cajamarca', 'Santa+Cruz', 'Saucepampa'),
(174, 61309, 'Cajamarca', 'Santa+Cruz', 'Sexi'),
(174, 61310, 'Cajamarca', 'Santa+Cruz', 'Uticyacu'),
(174, 61311, 'Cajamarca', 'Santa+Cruz', 'Yauyucan'),
(174, 70000, 'Callao', '', ''),
(174, 70100, 'Callao', 'Prov.+Const.+del+Callao', ''),
(174, 70101, 'Callao', 'Prov.+Const.+del+Callao', 'Callao'),
(174, 70102, 'Callao', 'Prov.+Const.+del+Callao', 'Bellavista'),
(174, 70103, 'Callao', 'Prov.+Const.+del+Callao', 'Carmen+de+la+Legua+Reynoso'),
(174, 70104, 'Callao', 'Prov.+Const.+del+Callao', 'La+Perla'),
(174, 70105, 'Callao', 'Prov.+Const.+del+Callao', 'La+Punta'),
(174, 70106, 'Callao', 'Prov.+Const.+del+Callao', 'Ventanilla'),
(174, 70107, 'Callao', 'Prov.+Const.+del+Callao', 'Mi+Per%FA'),
(174, 80000, 'Cusco', '', ''),
(174, 80100, 'Cusco', 'Cusco', ''),
(174, 80101, 'Cusco', 'Cusco', 'Cusco'),
(174, 80102, 'Cusco', 'Cusco', 'Ccorca'),
(174, 80103, 'Cusco', 'Cusco', 'Poroy'),
(174, 80104, 'Cusco', 'Cusco', 'San+Jer%F3nimo'),
(174, 80105, 'Cusco', 'Cusco', 'San+Sebastian'),
(174, 80106, 'Cusco', 'Cusco', 'Santiago'),
(174, 80107, 'Cusco', 'Cusco', 'Saylla'),
(174, 80108, 'Cusco', 'Cusco', 'Wanchaq'),
(174, 80200, 'Cusco', 'Acomayo', ''),
(174, 80201, 'Cusco', 'Acomayo', 'Acomayo'),
(174, 80202, 'Cusco', 'Acomayo', 'Acopia'),
(174, 80203, 'Cusco', 'Acomayo', 'Acos'),
(174, 80204, 'Cusco', 'Acomayo', 'Mosoc+Llacta'),
(174, 80205, 'Cusco', 'Acomayo', 'Pomacanchi'),
(174, 80206, 'Cusco', 'Acomayo', 'Rondocan'),
(174, 80207, 'Cusco', 'Acomayo', 'Sangarara'),
(174, 80300, 'Cusco', 'Anta', ''),
(174, 80301, 'Cusco', 'Anta', 'Anta'),
(174, 80302, 'Cusco', 'Anta', 'Ancahuasi'),
(174, 80303, 'Cusco', 'Anta', 'Cachimayo'),
(174, 80304, 'Cusco', 'Anta', 'Chinchaypujio'),
(174, 80305, 'Cusco', 'Anta', 'Huarocondo'),
(174, 80306, 'Cusco', 'Anta', 'Limatambo'),
(174, 80307, 'Cusco', 'Anta', 'Mollepata'),
(174, 80308, 'Cusco', 'Anta', 'Pucyura'),
(174, 80309, 'Cusco', 'Anta', 'Zurite'),
(174, 80400, 'Cusco', 'Calca', ''),
(174, 80401, 'Cusco', 'Calca', 'Calca'),
(174, 80402, 'Cusco', 'Calca', 'Coya'),
(174, 80403, 'Cusco', 'Calca', 'Lamay'),
(174, 80404, 'Cusco', 'Calca', 'Lares'),
(174, 80405, 'Cusco', 'Calca', 'Pisac'),
(174, 80406, 'Cusco', 'Calca', 'San+Salvador'),
(174, 80407, 'Cusco', 'Calca', 'Taray'),
(174, 80408, 'Cusco', 'Calca', 'Yanatile'),
(174, 80500, 'Cusco', 'Canas', ''),
(174, 80501, 'Cusco', 'Canas', 'Yanaoca'),
(174, 80502, 'Cusco', 'Canas', 'Checca'),
(174, 80503, 'Cusco', 'Canas', 'Kunturkanki'),
(174, 80504, 'Cusco', 'Canas', 'Langui'),
(174, 80505, 'Cusco', 'Canas', 'Layo'),
(174, 80506, 'Cusco', 'Canas', 'Pampamarca'),
(174, 80507, 'Cusco', 'Canas', 'Quehue'),
(174, 80508, 'Cusco', 'Canas', 'Tupac+Amaru'),
(174, 80600, 'Cusco', 'Canchis', ''),
(174, 80601, 'Cusco', 'Canchis', 'Sicuani'),
(174, 80602, 'Cusco', 'Canchis', 'Checacupe'),
(174, 80603, 'Cusco', 'Canchis', 'Combapata'),
(174, 80604, 'Cusco', 'Canchis', 'Marangani'),
(174, 80605, 'Cusco', 'Canchis', 'Pitumarca'),
(174, 80606, 'Cusco', 'Canchis', 'San+Pablo'),
(174, 80607, 'Cusco', 'Canchis', 'San+Pedro'),
(174, 80608, 'Cusco', 'Canchis', 'Tinta'),
(174, 80700, 'Cusco', 'Chumbivilcas', ''),
(174, 80701, 'Cusco', 'Chumbivilcas', 'Santo+Tomas'),
(174, 80702, 'Cusco', 'Chumbivilcas', 'Capacmarca'),
(174, 80703, 'Cusco', 'Chumbivilcas', 'Chamaca'),
(174, 80704, 'Cusco', 'Chumbivilcas', 'Colquemarca'),
(174, 80705, 'Cusco', 'Chumbivilcas', 'Livitaca'),
(174, 80706, 'Cusco', 'Chumbivilcas', 'Llusco'),
(174, 80707, 'Cusco', 'Chumbivilcas', 'Qui%F1ota'),
(174, 80708, 'Cusco', 'Chumbivilcas', 'Velille'),
(174, 80800, 'Cusco', 'Espinar', ''),
(174, 80801, 'Cusco', 'Espinar', 'Espinar'),
(174, 80802, 'Cusco', 'Espinar', 'Condoroma'),
(174, 80803, 'Cusco', 'Espinar', 'Coporaque'),
(174, 80804, 'Cusco', 'Espinar', 'Ocoruro'),
(174, 80805, 'Cusco', 'Espinar', 'Pallpata'),
(174, 80806, 'Cusco', 'Espinar', 'Pichigua'),
(174, 80807, 'Cusco', 'Espinar', 'Suyckutambo'),
(174, 80808, 'Cusco', 'Espinar', 'Alto+Pichigua'),
(174, 80900, 'Cusco', 'La+Convenci%F3n', ''),
(174, 80901, 'Cusco', 'La+Convenci%F3n', 'Santa+Ana'),
(174, 80902, 'Cusco', 'La+Convenci%F3n', 'Echarate'),
(174, 80903, 'Cusco', 'La+Convenci%F3n', 'Huayopata'),
(174, 80904, 'Cusco', 'La+Convenci%F3n', 'Maranura'),
(174, 80905, 'Cusco', 'La+Convenci%F3n', 'Ocobamba'),
(174, 80906, 'Cusco', 'La+Convenci%F3n', 'Quellouno'),
(174, 80907, 'Cusco', 'La+Convenci%F3n', 'Kimbiri'),
(174, 80908, 'Cusco', 'La+Convenci%F3n', 'Santa+Teresa'),
(174, 80909, 'Cusco', 'La+Convenci%F3n', 'Vilcabamba'),
(174, 80910, 'Cusco', 'La+Convenci%F3n', 'Pichari'),
(174, 80911, 'Cusco', 'La+Convenci%F3n', 'Inkawasi'),
(174, 80912, 'Cusco', 'La+Convenci%F3n', 'Villa+Virgen'),
(174, 80913, 'Cusco', 'La+Convenci%F3n', 'Villa+Kintiarina'),
(174, 81000, 'Cusco', 'Paruro', ''),
(174, 81001, 'Cusco', 'Paruro', 'Paruro'),
(174, 81002, 'Cusco', 'Paruro', 'Accha'),
(174, 81003, 'Cusco', 'Paruro', 'Ccapi'),
(174, 81004, 'Cusco', 'Paruro', 'Colcha'),
(174, 81005, 'Cusco', 'Paruro', 'Huanoquite'),
(174, 81006, 'Cusco', 'Paruro', 'Omacha'),
(174, 81007, 'Cusco', 'Paruro', 'Paccaritambo'),
(174, 81008, 'Cusco', 'Paruro', 'Pillpinto'),
(174, 81009, 'Cusco', 'Paruro', 'Yaurisque'),
(174, 81100, 'Cusco', 'Paucartambo', ''),
(174, 81101, 'Cusco', 'Paucartambo', 'Paucartambo'),
(174, 81102, 'Cusco', 'Paucartambo', 'Caicay'),
(174, 81103, 'Cusco', 'Paucartambo', 'Challabamba'),
(174, 81104, 'Cusco', 'Paucartambo', 'Colquepata'),
(174, 81105, 'Cusco', 'Paucartambo', 'Huancarani'),
(174, 81106, 'Cusco', 'Paucartambo', 'Kos%F1ipata'),
(174, 81200, 'Cusco', 'Quispicanchi', ''),
(174, 81201, 'Cusco', 'Quispicanchi', 'Urcos'),
(174, 81202, 'Cusco', 'Quispicanchi', 'Andahuaylillas'),
(174, 81203, 'Cusco', 'Quispicanchi', 'Camanti'),
(174, 81204, 'Cusco', 'Quispicanchi', 'Ccarhuayo'),
(174, 81205, 'Cusco', 'Quispicanchi', 'Ccatca'),
(174, 81206, 'Cusco', 'Quispicanchi', 'Cusipata'),
(174, 81207, 'Cusco', 'Quispicanchi', 'Huaro'),
(174, 81208, 'Cusco', 'Quispicanchi', 'Lucre'),
(174, 81209, 'Cusco', 'Quispicanchi', 'Marcapata'),
(174, 81210, 'Cusco', 'Quispicanchi', 'Ocongate'),
(174, 81211, 'Cusco', 'Quispicanchi', 'Oropesa'),
(174, 81212, 'Cusco', 'Quispicanchi', 'Quiquijana'),
(174, 81300, 'Cusco', 'Urubamba', ''),
(174, 81301, 'Cusco', 'Urubamba', 'Urubamba'),
(174, 81302, 'Cusco', 'Urubamba', 'Chinchero'),
(174, 81303, 'Cusco', 'Urubamba', 'Huayllabamba'),
(174, 81304, 'Cusco', 'Urubamba', 'Machupicchu'),
(174, 81305, 'Cusco', 'Urubamba', 'Maras'),
(174, 81306, 'Cusco', 'Urubamba', 'Ollantaytambo'),
(174, 81307, 'Cusco', 'Urubamba', 'Yucay'),
(174, 90000, 'Huancavelica', '', ''),
(174, 90100, 'Huancavelica', 'Huancavelica', ''),
(174, 90101, 'Huancavelica', 'Huancavelica', 'Huancavelica'),
(174, 90102, 'Huancavelica', 'Huancavelica', 'Acobambilla'),
(174, 90103, 'Huancavelica', 'Huancavelica', 'Acoria'),
(174, 90104, 'Huancavelica', 'Huancavelica', 'Conayca'),
(174, 90105, 'Huancavelica', 'Huancavelica', 'Cuenca'),
(174, 90106, 'Huancavelica', 'Huancavelica', 'Huachocolpa'),
(174, 90107, 'Huancavelica', 'Huancavelica', 'Huayllahuara'),
(174, 90108, 'Huancavelica', 'Huancavelica', 'Izcuchaca'),
(174, 90109, 'Huancavelica', 'Huancavelica', 'Laria'),
(174, 90110, 'Huancavelica', 'Huancavelica', 'Manta'),
(174, 90111, 'Huancavelica', 'Huancavelica', 'Mariscal+C%E1ceres'),
(174, 90112, 'Huancavelica', 'Huancavelica', 'Moya'),
(174, 90113, 'Huancavelica', 'Huancavelica', 'Nuevo+Occoro'),
(174, 90114, 'Huancavelica', 'Huancavelica', 'Palca'),
(174, 90115, 'Huancavelica', 'Huancavelica', 'Pilchaca'),
(174, 90116, 'Huancavelica', 'Huancavelica', 'Vilca'),
(174, 90117, 'Huancavelica', 'Huancavelica', 'Yauli'),
(174, 90118, 'Huancavelica', 'Huancavelica', 'Ascensi%F3n'),
(174, 90119, 'Huancavelica', 'Huancavelica', 'Huando'),
(174, 90200, 'Huancavelica', 'Acobamba', ''),
(174, 90201, 'Huancavelica', 'Acobamba', 'Acobamba'),
(174, 90202, 'Huancavelica', 'Acobamba', 'Andabamba'),
(174, 90203, 'Huancavelica', 'Acobamba', 'Anta'),
(174, 90204, 'Huancavelica', 'Acobamba', 'Caja'),
(174, 90205, 'Huancavelica', 'Acobamba', 'Marcas'),
(174, 90206, 'Huancavelica', 'Acobamba', 'Paucara'),
(174, 90207, 'Huancavelica', 'Acobamba', 'Pomacocha'),
(174, 90208, 'Huancavelica', 'Acobamba', 'Rosario'),
(174, 90300, 'Huancavelica', 'Angaraes', ''),
(174, 90301, 'Huancavelica', 'Angaraes', 'Lircay'),
(174, 90302, 'Huancavelica', 'Angaraes', 'Anchonga'),
(174, 90303, 'Huancavelica', 'Angaraes', 'Callanmarca'),
(174, 90304, 'Huancavelica', 'Angaraes', 'Ccochaccasa'),
(174, 90305, 'Huancavelica', 'Angaraes', 'Chincho'),
(174, 90306, 'Huancavelica', 'Angaraes', 'Congalla'),
(174, 90307, 'Huancavelica', 'Angaraes', 'Huanca-Huanca'),
(174, 90308, 'Huancavelica', 'Angaraes', 'Huayllay+Grande'),
(174, 90309, 'Huancavelica', 'Angaraes', 'Julcamarca'),
(174, 90310, 'Huancavelica', 'Angaraes', 'San+Antonio+de+Antaparco'),
(174, 90311, 'Huancavelica', 'Angaraes', 'Santo+Tomas+de+Pata'),
(174, 90312, 'Huancavelica', 'Angaraes', 'Secclla'),
(174, 90400, 'Huancavelica', 'Castrovirreyna', ''),
(174, 90401, 'Huancavelica', 'Castrovirreyna', 'Castrovirreyna'),
(174, 90402, 'Huancavelica', 'Castrovirreyna', 'Arma'),
(174, 90403, 'Huancavelica', 'Castrovirreyna', 'Aurahua'),
(174, 90404, 'Huancavelica', 'Castrovirreyna', 'Capillas'),
(174, 90405, 'Huancavelica', 'Castrovirreyna', 'Chupamarca'),
(174, 90406, 'Huancavelica', 'Castrovirreyna', 'Cocas'),
(174, 90407, 'Huancavelica', 'Castrovirreyna', 'Huachos'),
(174, 90408, 'Huancavelica', 'Castrovirreyna', 'Huamatambo'),
(174, 90409, 'Huancavelica', 'Castrovirreyna', 'Mollepampa'),
(174, 90410, 'Huancavelica', 'Castrovirreyna', 'San+Juan'),
(174, 90411, 'Huancavelica', 'Castrovirreyna', 'Santa+Ana'),
(174, 90412, 'Huancavelica', 'Castrovirreyna', 'Tantara'),
(174, 90413, 'Huancavelica', 'Castrovirreyna', 'Ticrapo'),
(174, 90500, 'Huancavelica', 'Churcampa', ''),
(174, 90501, 'Huancavelica', 'Churcampa', 'Churcampa'),
(174, 90502, 'Huancavelica', 'Churcampa', 'Anco'),
(174, 90503, 'Huancavelica', 'Churcampa', 'Chinchihuasi'),
(174, 90504, 'Huancavelica', 'Churcampa', 'El+Carmen'),
(174, 90505, 'Huancavelica', 'Churcampa', 'La+Merced'),
(174, 90506, 'Huancavelica', 'Churcampa', 'Locroja'),
(174, 90507, 'Huancavelica', 'Churcampa', 'Paucarbamba'),
(174, 90508, 'Huancavelica', 'Churcampa', 'San+Miguel+de+Mayocc'),
(174, 90509, 'Huancavelica', 'Churcampa', 'San+Pedro+de+Coris'),
(174, 90510, 'Huancavelica', 'Churcampa', 'Pachamarca'),
(174, 90511, 'Huancavelica', 'Churcampa', 'Cosme'),
(174, 90600, 'Huancavelica', 'Huaytar%E1', ''),
(174, 90601, 'Huancavelica', 'Huaytar%E1', 'Huaytara'),
(174, 90602, 'Huancavelica', 'Huaytar%E1', 'Ayavi'),
(174, 90603, 'Huancavelica', 'Huaytar%E1', 'C%F3rdova'),
(174, 90604, 'Huancavelica', 'Huaytar%E1', 'Huayacundo+Arma'),
(174, 90605, 'Huancavelica', 'Huaytar%E1', 'Laramarca'),
(174, 90606, 'Huancavelica', 'Huaytar%E1', 'Ocoyo'),
(174, 90607, 'Huancavelica', 'Huaytar%E1', 'Pilpichaca'),
(174, 90608, 'Huancavelica', 'Huaytar%E1', 'Querco'),
(174, 90609, 'Huancavelica', 'Huaytar%E1', 'Quito-Arma'),
(174, 90610, 'Huancavelica', 'Huaytar%E1', 'San+Antonio+de+Cusicancha'),
(174, 90611, 'Huancavelica', 'Huaytar%E1', 'San+Francisco+de+Sangayaico'),
(174, 90612, 'Huancavelica', 'Huaytar%E1', 'San+Isidro'),
(174, 90613, 'Huancavelica', 'Huaytar%E1', 'Santiago+de+Chocorvos'),
(174, 90614, 'Huancavelica', 'Huaytar%E1', 'Santiago+de+Quirahuara'),
(174, 90615, 'Huancavelica', 'Huaytar%E1', 'Santo+Domingo+de+Capillas'),
(174, 90616, 'Huancavelica', 'Huaytar%E1', 'Tambo'),
(174, 90700, 'Huancavelica', 'Tayacaja', ''),
(174, 90701, 'Huancavelica', 'Tayacaja', 'Pampas'),
(174, 90702, 'Huancavelica', 'Tayacaja', 'Acostambo'),
(174, 90703, 'Huancavelica', 'Tayacaja', 'Acraquia'),
(174, 90704, 'Huancavelica', 'Tayacaja', 'Ahuaycha'),
(174, 90705, 'Huancavelica', 'Tayacaja', 'Colcabamba'),
(174, 90706, 'Huancavelica', 'Tayacaja', 'Daniel+Hern%E1ndez'),
(174, 90707, 'Huancavelica', 'Tayacaja', 'Huachocolpa'),
(174, 90709, 'Huancavelica', 'Tayacaja', 'Huaribamba'),
(174, 90710, 'Huancavelica', 'Tayacaja', '%D1ahuimpuquio'),
(174, 90711, 'Huancavelica', 'Tayacaja', 'Pazos'),
(174, 90713, 'Huancavelica', 'Tayacaja', 'Quishuar'),
(174, 90714, 'Huancavelica', 'Tayacaja', 'Salcabamba'),
(174, 90715, 'Huancavelica', 'Tayacaja', 'Salcahuasi'),
(174, 90716, 'Huancavelica', 'Tayacaja', 'San+Marcos+de+Rocchac'),
(174, 90717, 'Huancavelica', 'Tayacaja', 'Surcubamba'),
(174, 90718, 'Huancavelica', 'Tayacaja', 'Tintay+Puncu'),
(174, 90719, 'Huancavelica', 'Tayacaja', 'Quichuas'),
(174, 90720, 'Huancavelica', 'Tayacaja', 'Andaymarca'),
(174, 100000, 'Hu%E1nuco', '', ''),
(174, 100100, 'Hu%E1nuco', 'Hu%E1nuco', ''),
(174, 100101, 'Hu%E1nuco', 'Hu%E1nuco', 'Huanuco'),
(174, 100102, 'Hu%E1nuco', 'Hu%E1nuco', 'Amarilis'),
(174, 100103, 'Hu%E1nuco', 'Hu%E1nuco', 'Chinchao'),
(174, 100104, 'Hu%E1nuco', 'Hu%E1nuco', 'Churubamba'),
(174, 100105, 'Hu%E1nuco', 'Hu%E1nuco', 'Margos'),
(174, 100106, 'Hu%E1nuco', 'Hu%E1nuco', 'Quisqui+%28Kichki%29'),
(174, 100107, 'Hu%E1nuco', 'Hu%E1nuco', 'San+Francisco+de+Cayran'),
(174, 100108, 'Hu%E1nuco', 'Hu%E1nuco', 'San+Pedro+de+Chaulan');
INSERT INTO `ubigeo` (`IdPais`, `IdUbigeo`, `Departamento`, `Provincia`, `Distrito`) VALUES
(174, 100109, 'Hu%E1nuco', 'Hu%E1nuco', 'Santa+Mar%EDa+del+Valle'),
(174, 100110, 'Hu%E1nuco', 'Hu%E1nuco', 'Yarumayo'),
(174, 100111, 'Hu%E1nuco', 'Hu%E1nuco', 'Pillco+Marca'),
(174, 100112, 'Hu%E1nuco', 'Hu%E1nuco', 'Yacus'),
(174, 100200, 'Hu%E1nuco', 'Ambo', ''),
(174, 100201, 'Hu%E1nuco', 'Ambo', 'Ambo'),
(174, 100202, 'Hu%E1nuco', 'Ambo', 'Cayna'),
(174, 100203, 'Hu%E1nuco', 'Ambo', 'Colpas'),
(174, 100204, 'Hu%E1nuco', 'Ambo', 'Conchamarca'),
(174, 100205, 'Hu%E1nuco', 'Ambo', 'Huacar'),
(174, 100206, 'Hu%E1nuco', 'Ambo', 'San+Francisco'),
(174, 100207, 'Hu%E1nuco', 'Ambo', 'San+Rafael'),
(174, 100208, 'Hu%E1nuco', 'Ambo', 'Tomay+Kichwa'),
(174, 100300, 'Hu%E1nuco', 'Dos+de+Mayo', ''),
(174, 100301, 'Hu%E1nuco', 'Dos+de+Mayo', 'La+Uni%F3n'),
(174, 100307, 'Hu%E1nuco', 'Dos+de+Mayo', 'Chuquis'),
(174, 100311, 'Hu%E1nuco', 'Dos+de+Mayo', 'Mar%EDas'),
(174, 100313, 'Hu%E1nuco', 'Dos+de+Mayo', 'Pachas'),
(174, 100316, 'Hu%E1nuco', 'Dos+de+Mayo', 'Quivilla'),
(174, 100317, 'Hu%E1nuco', 'Dos+de+Mayo', 'Ripan'),
(174, 100321, 'Hu%E1nuco', 'Dos+de+Mayo', 'Shunqui'),
(174, 100322, 'Hu%E1nuco', 'Dos+de+Mayo', 'Sillapata'),
(174, 100323, 'Hu%E1nuco', 'Dos+de+Mayo', 'Yanas'),
(174, 100400, 'Hu%E1nuco', 'Huacaybamba', ''),
(174, 100401, 'Hu%E1nuco', 'Huacaybamba', 'Huacaybamba'),
(174, 100402, 'Hu%E1nuco', 'Huacaybamba', 'Canchabamba'),
(174, 100403, 'Hu%E1nuco', 'Huacaybamba', 'Cochabamba'),
(174, 100404, 'Hu%E1nuco', 'Huacaybamba', 'Pinra'),
(174, 100500, 'Hu%E1nuco', 'Huamal%EDes', ''),
(174, 100501, 'Hu%E1nuco', 'Huamal%EDes', 'Llata'),
(174, 100502, 'Hu%E1nuco', 'Huamal%EDes', 'Arancay'),
(174, 100503, 'Hu%E1nuco', 'Huamal%EDes', 'Chav%EDn+de+Pariarca'),
(174, 100504, 'Hu%E1nuco', 'Huamal%EDes', 'Jacas+Grande'),
(174, 100505, 'Hu%E1nuco', 'Huamal%EDes', 'Jircan'),
(174, 100506, 'Hu%E1nuco', 'Huamal%EDes', 'Miraflores'),
(174, 100507, 'Hu%E1nuco', 'Huamal%EDes', 'Monz%F3n'),
(174, 100508, 'Hu%E1nuco', 'Huamal%EDes', 'Punchao'),
(174, 100509, 'Hu%E1nuco', 'Huamal%EDes', 'Pu%F1os'),
(174, 100510, 'Hu%E1nuco', 'Huamal%EDes', 'Singa'),
(174, 100511, 'Hu%E1nuco', 'Huamal%EDes', 'Tantamayo'),
(174, 100600, 'Hu%E1nuco', 'Leoncio+Prado', ''),
(174, 100601, 'Hu%E1nuco', 'Leoncio+Prado', 'Rupa-Rupa'),
(174, 100602, 'Hu%E1nuco', 'Leoncio+Prado', 'Daniel+Alom%EDa+Robles'),
(174, 100603, 'Hu%E1nuco', 'Leoncio+Prado', 'Herm%EDlio+Valdizan'),
(174, 100604, 'Hu%E1nuco', 'Leoncio+Prado', 'Jos%E9+Crespo+y+Castillo'),
(174, 100605, 'Hu%E1nuco', 'Leoncio+Prado', 'Luyando'),
(174, 100606, 'Hu%E1nuco', 'Leoncio+Prado', 'Mariano+Damaso+Beraun'),
(174, 100700, 'Hu%E1nuco', 'Mara%F1%F3n', ''),
(174, 100701, 'Hu%E1nuco', 'Mara%F1%F3n', 'Huacrachuco'),
(174, 100702, 'Hu%E1nuco', 'Mara%F1%F3n', 'Cholon'),
(174, 100703, 'Hu%E1nuco', 'Mara%F1%F3n', 'San+Buenaventura'),
(174, 100800, 'Hu%E1nuco', 'Pachitea', ''),
(174, 100801, 'Hu%E1nuco', 'Pachitea', 'Panao'),
(174, 100802, 'Hu%E1nuco', 'Pachitea', 'Chaglla'),
(174, 100803, 'Hu%E1nuco', 'Pachitea', 'Molino'),
(174, 100804, 'Hu%E1nuco', 'Pachitea', 'Umari'),
(174, 100900, 'Hu%E1nuco', 'Puerto+Inca', ''),
(174, 100901, 'Hu%E1nuco', 'Puerto+Inca', 'Puerto+Inca'),
(174, 100902, 'Hu%E1nuco', 'Puerto+Inca', 'Codo+del+Pozuzo'),
(174, 100903, 'Hu%E1nuco', 'Puerto+Inca', 'Honoria'),
(174, 100904, 'Hu%E1nuco', 'Puerto+Inca', 'Tournavista'),
(174, 100905, 'Hu%E1nuco', 'Puerto+Inca', 'Yuyapichis'),
(174, 101000, 'Hu%E1nuco', 'Lauricocha+', ''),
(174, 101001, 'Hu%E1nuco', 'Lauricocha+', 'Jes%FAs'),
(174, 101002, 'Hu%E1nuco', 'Lauricocha+', 'Ba%F1os'),
(174, 101003, 'Hu%E1nuco', 'Lauricocha+', 'Jivia'),
(174, 101004, 'Hu%E1nuco', 'Lauricocha+', 'Queropalca'),
(174, 101005, 'Hu%E1nuco', 'Lauricocha+', 'Rondos'),
(174, 101006, 'Hu%E1nuco', 'Lauricocha+', 'San+Francisco+de+As%EDs'),
(174, 101007, 'Hu%E1nuco', 'Lauricocha+', 'San+Miguel+de+Cauri'),
(174, 101100, 'Hu%E1nuco', 'Yarowilca+', ''),
(174, 101101, 'Hu%E1nuco', 'Yarowilca+', 'Chavinillo'),
(174, 101102, 'Hu%E1nuco', 'Yarowilca+', 'Cahuac'),
(174, 101103, 'Hu%E1nuco', 'Yarowilca+', 'Chacabamba'),
(174, 101104, 'Hu%E1nuco', 'Yarowilca+', 'Aparicio+Pomares'),
(174, 101105, 'Hu%E1nuco', 'Yarowilca+', 'Jacas+Chico'),
(174, 101106, 'Hu%E1nuco', 'Yarowilca+', 'Obas'),
(174, 101107, 'Hu%E1nuco', 'Yarowilca+', 'Pampamarca'),
(174, 101108, 'Hu%E1nuco', 'Yarowilca+', 'Choras'),
(174, 110000, 'Ica', '', ''),
(174, 110100, 'Ica', 'Ica+', ''),
(174, 110101, 'Ica', 'Ica+', 'Ica'),
(174, 110102, 'Ica', 'Ica+', 'La+Tingui%F1a'),
(174, 110103, 'Ica', 'Ica+', 'Los+Aquijes'),
(174, 110104, 'Ica', 'Ica+', 'Ocucaje'),
(174, 110105, 'Ica', 'Ica+', 'Pachacutec'),
(174, 110106, 'Ica', 'Ica+', 'Parcona'),
(174, 110107, 'Ica', 'Ica+', 'Pueblo+Nuevo'),
(174, 110108, 'Ica', 'Ica+', 'Salas'),
(174, 110109, 'Ica', 'Ica+', 'San+Jos%E9+de+Los+Molinos'),
(174, 110110, 'Ica', 'Ica+', 'San+Juan+Bautista'),
(174, 110111, 'Ica', 'Ica+', 'Santiago'),
(174, 110112, 'Ica', 'Ica+', 'Subtanjalla'),
(174, 110113, 'Ica', 'Ica+', 'Tate'),
(174, 110114, 'Ica', 'Ica+', 'Yauca+del+Rosario'),
(174, 110200, 'Ica', 'Chincha+', ''),
(174, 110201, 'Ica', 'Chincha+', 'Chincha+Alta'),
(174, 110202, 'Ica', 'Chincha+', 'Alto+Laran'),
(174, 110203, 'Ica', 'Chincha+', 'Chavin'),
(174, 110204, 'Ica', 'Chincha+', 'Chincha+Baja'),
(174, 110205, 'Ica', 'Chincha+', 'El+Carmen'),
(174, 110206, 'Ica', 'Chincha+', 'Grocio+Prado'),
(174, 110207, 'Ica', 'Chincha+', 'Pueblo+Nuevo'),
(174, 110208, 'Ica', 'Chincha+', 'San+Juan+de+Yanac'),
(174, 110209, 'Ica', 'Chincha+', 'San+Pedro+de+Huacarpana'),
(174, 110210, 'Ica', 'Chincha+', 'Sunampe'),
(174, 110211, 'Ica', 'Chincha+', 'Tambo+de+Mora'),
(174, 110300, 'Ica', 'Nazca+', ''),
(174, 110301, 'Ica', 'Nazca+', 'Nasca'),
(174, 110302, 'Ica', 'Nazca+', 'Changuillo'),
(174, 110303, 'Ica', 'Nazca+', 'El+Ingenio'),
(174, 110304, 'Ica', 'Nazca+', 'Marcona'),
(174, 110305, 'Ica', 'Nazca+', 'Vista+Alegre'),
(174, 110400, 'Ica', 'Palpa+', ''),
(174, 110401, 'Ica', 'Palpa+', 'Palpa'),
(174, 110402, 'Ica', 'Palpa+', 'Llipata'),
(174, 110403, 'Ica', 'Palpa+', 'R%EDo+Grande'),
(174, 110404, 'Ica', 'Palpa+', 'Santa+Cruz'),
(174, 110405, 'Ica', 'Palpa+', 'Tibillo'),
(174, 110500, 'Ica', 'Pisco+', ''),
(174, 110501, 'Ica', 'Pisco+', 'Pisco'),
(174, 110502, 'Ica', 'Pisco+', 'Huancano'),
(174, 110503, 'Ica', 'Pisco+', 'Humay'),
(174, 110504, 'Ica', 'Pisco+', 'Independencia'),
(174, 110505, 'Ica', 'Pisco+', 'Paracas'),
(174, 110506, 'Ica', 'Pisco+', 'San+Andr%E9s'),
(174, 110507, 'Ica', 'Pisco+', 'San+Clemente'),
(174, 110508, 'Ica', 'Pisco+', 'Tupac+Amaru+Inca'),
(174, 120000, 'Jun%EDn', '', ''),
(174, 120100, 'Jun%EDn', 'Huancayo+', ''),
(174, 120101, 'Jun%EDn', 'Huancayo+', 'Huancayo'),
(174, 120104, 'Jun%EDn', 'Huancayo+', 'Carhuacallanga'),
(174, 120105, 'Jun%EDn', 'Huancayo+', 'Chacapampa'),
(174, 120106, 'Jun%EDn', 'Huancayo+', 'Chicche'),
(174, 120107, 'Jun%EDn', 'Huancayo+', 'Chilca'),
(174, 120108, 'Jun%EDn', 'Huancayo+', 'Chongos+Alto'),
(174, 120111, 'Jun%EDn', 'Huancayo+', 'Chupuro'),
(174, 120112, 'Jun%EDn', 'Huancayo+', 'Colca'),
(174, 120113, 'Jun%EDn', 'Huancayo+', 'Cullhuas'),
(174, 120114, 'Jun%EDn', 'Huancayo+', 'El+Tambo'),
(174, 120116, 'Jun%EDn', 'Huancayo+', 'Huacrapuquio'),
(174, 120117, 'Jun%EDn', 'Huancayo+', 'Hualhuas'),
(174, 120119, 'Jun%EDn', 'Huancayo+', 'Huancan'),
(174, 120120, 'Jun%EDn', 'Huancayo+', 'Huasicancha'),
(174, 120121, 'Jun%EDn', 'Huancayo+', 'Huayucachi'),
(174, 120122, 'Jun%EDn', 'Huancayo+', 'Ingenio'),
(174, 120124, 'Jun%EDn', 'Huancayo+', 'Pariahuanca'),
(174, 120125, 'Jun%EDn', 'Huancayo+', 'Pilcomayo'),
(174, 120126, 'Jun%EDn', 'Huancayo+', 'Pucara'),
(174, 120127, 'Jun%EDn', 'Huancayo+', 'Quichuay'),
(174, 120128, 'Jun%EDn', 'Huancayo+', 'Quilcas'),
(174, 120129, 'Jun%EDn', 'Huancayo+', 'San+Agust%EDn'),
(174, 120130, 'Jun%EDn', 'Huancayo+', 'San+Jer%F3nimo+de+Tunan'),
(174, 120132, 'Jun%EDn', 'Huancayo+', 'Sa%F1o'),
(174, 120133, 'Jun%EDn', 'Huancayo+', 'Sapallanga'),
(174, 120134, 'Jun%EDn', 'Huancayo+', 'Sicaya'),
(174, 120135, 'Jun%EDn', 'Huancayo+', 'Santo+Domingo+de+Acobamba'),
(174, 120136, 'Jun%EDn', 'Huancayo+', 'Viques'),
(174, 120200, 'Jun%EDn', 'Concepci%F3n+', ''),
(174, 120201, 'Jun%EDn', 'Concepci%F3n+', 'Concepci%F3n'),
(174, 120202, 'Jun%EDn', 'Concepci%F3n+', 'Aco'),
(174, 120203, 'Jun%EDn', 'Concepci%F3n+', 'Andamarca'),
(174, 120204, 'Jun%EDn', 'Concepci%F3n+', 'Chambara'),
(174, 120205, 'Jun%EDn', 'Concepci%F3n+', 'Cochas'),
(174, 120206, 'Jun%EDn', 'Concepci%F3n+', 'Comas'),
(174, 120207, 'Jun%EDn', 'Concepci%F3n+', 'Hero%EDnas+Toledo'),
(174, 120208, 'Jun%EDn', 'Concepci%F3n+', 'Manzanares'),
(174, 120209, 'Jun%EDn', 'Concepci%F3n+', 'Mariscal+Castilla'),
(174, 120210, 'Jun%EDn', 'Concepci%F3n+', 'Matahuasi'),
(174, 120211, 'Jun%EDn', 'Concepci%F3n+', 'Mito'),
(174, 120212, 'Jun%EDn', 'Concepci%F3n+', 'Nueve+de+Julio'),
(174, 120213, 'Jun%EDn', 'Concepci%F3n+', 'Orcotuna'),
(174, 120214, 'Jun%EDn', 'Concepci%F3n+', 'San+Jos%E9+de+Quero'),
(174, 120215, 'Jun%EDn', 'Concepci%F3n+', 'Santa+Rosa+de+Ocopa'),
(174, 120300, 'Jun%EDn', 'Chanchamayo+', ''),
(174, 120301, 'Jun%EDn', 'Chanchamayo+', 'Chanchamayo'),
(174, 120302, 'Jun%EDn', 'Chanchamayo+', 'Perene'),
(174, 120303, 'Jun%EDn', 'Chanchamayo+', 'Pichanaqui'),
(174, 120304, 'Jun%EDn', 'Chanchamayo+', 'San+Luis+de+Shuaro'),
(174, 120305, 'Jun%EDn', 'Chanchamayo+', 'San+Ram%F3n'),
(174, 120306, 'Jun%EDn', 'Chanchamayo+', 'Vitoc'),
(174, 120400, 'Jun%EDn', 'Jauja+', ''),
(174, 120401, 'Jun%EDn', 'Jauja+', 'Jauja'),
(174, 120402, 'Jun%EDn', 'Jauja+', 'Acolla'),
(174, 120403, 'Jun%EDn', 'Jauja+', 'Apata'),
(174, 120404, 'Jun%EDn', 'Jauja+', 'Ataura'),
(174, 120405, 'Jun%EDn', 'Jauja+', 'Canchayllo'),
(174, 120406, 'Jun%EDn', 'Jauja+', 'Curicaca'),
(174, 120407, 'Jun%EDn', 'Jauja+', 'El+Mantaro'),
(174, 120408, 'Jun%EDn', 'Jauja+', 'Huamali'),
(174, 120409, 'Jun%EDn', 'Jauja+', 'Huaripampa'),
(174, 120410, 'Jun%EDn', 'Jauja+', 'Huertas'),
(174, 120411, 'Jun%EDn', 'Jauja+', 'Janjaillo'),
(174, 120412, 'Jun%EDn', 'Jauja+', 'Julc%E1n'),
(174, 120413, 'Jun%EDn', 'Jauja+', 'Leonor+Ord%F3%F1ez'),
(174, 120414, 'Jun%EDn', 'Jauja+', 'Llocllapampa'),
(174, 120415, 'Jun%EDn', 'Jauja+', 'Marco'),
(174, 120416, 'Jun%EDn', 'Jauja+', 'Masma'),
(174, 120417, 'Jun%EDn', 'Jauja+', 'Masma+Chicche'),
(174, 120418, 'Jun%EDn', 'Jauja+', 'Molinos'),
(174, 120419, 'Jun%EDn', 'Jauja+', 'Monobamba'),
(174, 120420, 'Jun%EDn', 'Jauja+', 'Muqui'),
(174, 120421, 'Jun%EDn', 'Jauja+', 'Muquiyauyo'),
(174, 120422, 'Jun%EDn', 'Jauja+', 'Paca'),
(174, 120423, 'Jun%EDn', 'Jauja+', 'Paccha'),
(174, 120424, 'Jun%EDn', 'Jauja+', 'Pancan'),
(174, 120425, 'Jun%EDn', 'Jauja+', 'Parco'),
(174, 120426, 'Jun%EDn', 'Jauja+', 'Pomacancha'),
(174, 120427, 'Jun%EDn', 'Jauja+', 'Ricran'),
(174, 120428, 'Jun%EDn', 'Jauja+', 'San+Lorenzo'),
(174, 120429, 'Jun%EDn', 'Jauja+', 'San+Pedro+de+Chunan'),
(174, 120430, 'Jun%EDn', 'Jauja+', 'Sausa'),
(174, 120431, 'Jun%EDn', 'Jauja+', 'Sincos'),
(174, 120432, 'Jun%EDn', 'Jauja+', 'Tunan+Marca'),
(174, 120433, 'Jun%EDn', 'Jauja+', 'Yauli'),
(174, 120434, 'Jun%EDn', 'Jauja+', 'Yauyos'),
(174, 120500, 'Jun%EDn', 'Jun%EDn+', ''),
(174, 120501, 'Jun%EDn', 'Jun%EDn+', 'Junin'),
(174, 120502, 'Jun%EDn', 'Jun%EDn+', 'Carhuamayo'),
(174, 120503, 'Jun%EDn', 'Jun%EDn+', 'Ondores'),
(174, 120504, 'Jun%EDn', 'Jun%EDn+', 'Ulcumayo'),
(174, 120600, 'Jun%EDn', 'Satipo+', ''),
(174, 120601, 'Jun%EDn', 'Satipo+', 'Satipo'),
(174, 120602, 'Jun%EDn', 'Satipo+', 'Coviriali'),
(174, 120603, 'Jun%EDn', 'Satipo+', 'Llaylla'),
(174, 120604, 'Jun%EDn', 'Satipo+', 'Mazamari'),
(174, 120605, 'Jun%EDn', 'Satipo+', 'Pampa+Hermosa'),
(174, 120606, 'Jun%EDn', 'Satipo+', 'Pangoa'),
(174, 120607, 'Jun%EDn', 'Satipo+', 'R%EDo+Negro'),
(174, 120608, 'Jun%EDn', 'Satipo+', 'R%EDo+Tambo'),
(174, 120609, 'Jun%EDn', 'Satipo+', 'Vizcatan+del+Ene'),
(174, 120700, 'Jun%EDn', 'Tarma+', ''),
(174, 120701, 'Jun%EDn', 'Tarma+', 'Tarma'),
(174, 120702, 'Jun%EDn', 'Tarma+', 'Acobamba'),
(174, 120703, 'Jun%EDn', 'Tarma+', 'Huaricolca'),
(174, 120704, 'Jun%EDn', 'Tarma+', 'Huasahuasi'),
(174, 120705, 'Jun%EDn', 'Tarma+', 'La+Uni%F3n'),
(174, 120706, 'Jun%EDn', 'Tarma+', 'Palca'),
(174, 120707, 'Jun%EDn', 'Tarma+', 'Palcamayo'),
(174, 120708, 'Jun%EDn', 'Tarma+', 'San+Pedro+de+Cajas'),
(174, 120709, 'Jun%EDn', 'Tarma+', 'Tapo'),
(174, 120800, 'Jun%EDn', 'Yauli+', ''),
(174, 120801, 'Jun%EDn', 'Yauli+', 'La+Oroya'),
(174, 120802, 'Jun%EDn', 'Yauli+', 'Chacapalpa'),
(174, 120803, 'Jun%EDn', 'Yauli+', 'Huay-Huay'),
(174, 120804, 'Jun%EDn', 'Yauli+', 'Marcapomacocha'),
(174, 120805, 'Jun%EDn', 'Yauli+', 'Morococha'),
(174, 120806, 'Jun%EDn', 'Yauli+', 'Paccha'),
(174, 120807, 'Jun%EDn', 'Yauli+', 'Santa+B%E1rbara+de+Carhuacayan'),
(174, 120808, 'Jun%EDn', 'Yauli+', 'Santa+Rosa+de+Sacco'),
(174, 120809, 'Jun%EDn', 'Yauli+', 'Suitucancha'),
(174, 120810, 'Jun%EDn', 'Yauli+', 'Yauli'),
(174, 120900, 'Jun%EDn', 'Chupaca+', ''),
(174, 120901, 'Jun%EDn', 'Chupaca+', 'Chupaca'),
(174, 120902, 'Jun%EDn', 'Chupaca+', 'Ahuac'),
(174, 120903, 'Jun%EDn', 'Chupaca+', 'Chongos+Bajo'),
(174, 120904, 'Jun%EDn', 'Chupaca+', 'Huachac'),
(174, 120905, 'Jun%EDn', 'Chupaca+', 'Huamancaca+Chico'),
(174, 120906, 'Jun%EDn', 'Chupaca+', 'San+Juan+de+Iscos'),
(174, 120907, 'Jun%EDn', 'Chupaca+', 'San+Juan+de+Jarpa'),
(174, 120908, 'Jun%EDn', 'Chupaca+', 'Tres+de+Diciembre'),
(174, 120909, 'Jun%EDn', 'Chupaca+', 'Yanacancha'),
(174, 130000, 'La+Libertad', '', ''),
(174, 130100, 'La+Libertad', 'Trujillo+', ''),
(174, 130101, 'La+Libertad', 'Trujillo+', 'Trujillo'),
(174, 130102, 'La+Libertad', 'Trujillo+', 'El+Porvenir'),
(174, 130103, 'La+Libertad', 'Trujillo+', 'Florencia+de+Mora'),
(174, 130104, 'La+Libertad', 'Trujillo+', 'Huanchaco'),
(174, 130105, 'La+Libertad', 'Trujillo+', 'La+Esperanza'),
(174, 130106, 'La+Libertad', 'Trujillo+', 'Laredo'),
(174, 130107, 'La+Libertad', 'Trujillo+', 'Moche'),
(174, 130108, 'La+Libertad', 'Trujillo+', 'Poroto'),
(174, 130109, 'La+Libertad', 'Trujillo+', 'Salaverry'),
(174, 130110, 'La+Libertad', 'Trujillo+', 'Simbal'),
(174, 130111, 'La+Libertad', 'Trujillo+', 'Victor+Larco+Herrera'),
(174, 130200, 'La+Libertad', 'Ascope+', ''),
(174, 130201, 'La+Libertad', 'Ascope+', 'Ascope'),
(174, 130202, 'La+Libertad', 'Ascope+', 'Chicama'),
(174, 130203, 'La+Libertad', 'Ascope+', 'Chocope'),
(174, 130204, 'La+Libertad', 'Ascope+', 'Magdalena+de+Cao'),
(174, 130205, 'La+Libertad', 'Ascope+', 'Paijan'),
(174, 130206, 'La+Libertad', 'Ascope+', 'R%E1zuri'),
(174, 130207, 'La+Libertad', 'Ascope+', 'Santiago+de+Cao'),
(174, 130208, 'La+Libertad', 'Ascope+', 'Casa+Grande'),
(174, 130300, 'La+Libertad', 'Bol%EDvar+', ''),
(174, 130301, 'La+Libertad', 'Bol%EDvar+', 'Bol%EDvar'),
(174, 130302, 'La+Libertad', 'Bol%EDvar+', 'Bambamarca'),
(174, 130303, 'La+Libertad', 'Bol%EDvar+', 'Condormarca'),
(174, 130304, 'La+Libertad', 'Bol%EDvar+', 'Longotea'),
(174, 130305, 'La+Libertad', 'Bol%EDvar+', 'Uchumarca'),
(174, 130306, 'La+Libertad', 'Bol%EDvar+', 'Ucuncha'),
(174, 130400, 'La+Libertad', 'Chep%E9n+', ''),
(174, 130401, 'La+Libertad', 'Chep%E9n+', 'Chepen'),
(174, 130402, 'La+Libertad', 'Chep%E9n+', 'Pacanga'),
(174, 130403, 'La+Libertad', 'Chep%E9n+', 'Pueblo+Nuevo'),
(174, 130500, 'La+Libertad', 'Julc%E1n+', ''),
(174, 130501, 'La+Libertad', 'Julc%E1n+', 'Julcan'),
(174, 130502, 'La+Libertad', 'Julc%E1n+', 'Calamarca'),
(174, 130503, 'La+Libertad', 'Julc%E1n+', 'Carabamba'),
(174, 130504, 'La+Libertad', 'Julc%E1n+', 'Huaso'),
(174, 130600, 'La+Libertad', 'Otuzco+', ''),
(174, 130601, 'La+Libertad', 'Otuzco+', 'Otuzco'),
(174, 130602, 'La+Libertad', 'Otuzco+', 'Agallpampa'),
(174, 130604, 'La+Libertad', 'Otuzco+', 'Charat'),
(174, 130605, 'La+Libertad', 'Otuzco+', 'Huaranchal'),
(174, 130606, 'La+Libertad', 'Otuzco+', 'La+Cuesta'),
(174, 130608, 'La+Libertad', 'Otuzco+', 'Mache'),
(174, 130610, 'La+Libertad', 'Otuzco+', 'Paranday'),
(174, 130611, 'La+Libertad', 'Otuzco+', 'Salpo'),
(174, 130613, 'La+Libertad', 'Otuzco+', 'Sinsicap'),
(174, 130614, 'La+Libertad', 'Otuzco+', 'Usquil'),
(174, 130700, 'La+Libertad', 'Pacasmayo+', ''),
(174, 130701, 'La+Libertad', 'Pacasmayo+', 'San+Pedro+de+Lloc'),
(174, 130702, 'La+Libertad', 'Pacasmayo+', 'Guadalupe'),
(174, 130703, 'La+Libertad', 'Pacasmayo+', 'Jequetepeque'),
(174, 130704, 'La+Libertad', 'Pacasmayo+', 'Pacasmayo'),
(174, 130705, 'La+Libertad', 'Pacasmayo+', 'San+Jos%E9'),
(174, 130800, 'La+Libertad', 'Pataz+', ''),
(174, 130801, 'La+Libertad', 'Pataz+', 'Tayabamba'),
(174, 130802, 'La+Libertad', 'Pataz+', 'Buldibuyo'),
(174, 130803, 'La+Libertad', 'Pataz+', 'Chillia'),
(174, 130804, 'La+Libertad', 'Pataz+', 'Huancaspata'),
(174, 130805, 'La+Libertad', 'Pataz+', 'Huaylillas'),
(174, 130806, 'La+Libertad', 'Pataz+', 'Huayo'),
(174, 130807, 'La+Libertad', 'Pataz+', 'Ongon'),
(174, 130808, 'La+Libertad', 'Pataz+', 'Parcoy'),
(174, 130809, 'La+Libertad', 'Pataz+', 'Pataz'),
(174, 130810, 'La+Libertad', 'Pataz+', 'Pias'),
(174, 130811, 'La+Libertad', 'Pataz+', 'Santiago+de+Challas'),
(174, 130812, 'La+Libertad', 'Pataz+', 'Taurija'),
(174, 130813, 'La+Libertad', 'Pataz+', 'Urpay'),
(174, 130900, 'La+Libertad', 'S%E1nchez+Carri%F3n+', ''),
(174, 130901, 'La+Libertad', 'S%E1nchez+Carri%F3n+', 'Huamachuco'),
(174, 130902, 'La+Libertad', 'S%E1nchez+Carri%F3n+', 'Chugay'),
(174, 130903, 'La+Libertad', 'S%E1nchez+Carri%F3n+', 'Cochorco'),
(174, 130904, 'La+Libertad', 'S%E1nchez+Carri%F3n+', 'Curgos'),
(174, 130905, 'La+Libertad', 'S%E1nchez+Carri%F3n+', 'Marcabal'),
(174, 130906, 'La+Libertad', 'S%E1nchez+Carri%F3n+', 'Sanagoran'),
(174, 130907, 'La+Libertad', 'S%E1nchez+Carri%F3n+', 'Sarin'),
(174, 130908, 'La+Libertad', 'S%E1nchez+Carri%F3n+', 'Sartimbamba'),
(174, 131000, 'La+Libertad', 'Santiago+de+Chuco+', ''),
(174, 131001, 'La+Libertad', 'Santiago+de+Chuco+', 'Santiago+de+Chuco'),
(174, 131002, 'La+Libertad', 'Santiago+de+Chuco+', 'Angasmarca'),
(174, 131003, 'La+Libertad', 'Santiago+de+Chuco+', 'Cachicadan'),
(174, 131004, 'La+Libertad', 'Santiago+de+Chuco+', 'Mollebamba'),
(174, 131005, 'La+Libertad', 'Santiago+de+Chuco+', 'Mollepata'),
(174, 131006, 'La+Libertad', 'Santiago+de+Chuco+', 'Quiruvilca'),
(174, 131007, 'La+Libertad', 'Santiago+de+Chuco+', 'Santa+Cruz+de+Chuca'),
(174, 131008, 'La+Libertad', 'Santiago+de+Chuco+', 'Sitabamba'),
(174, 131100, 'La+Libertad', 'Gran+Chim%FA+', ''),
(174, 131101, 'La+Libertad', 'Gran+Chim%FA+', 'Cascas'),
(174, 131102, 'La+Libertad', 'Gran+Chim%FA+', 'Lucma'),
(174, 131103, 'La+Libertad', 'Gran+Chim%FA+', 'Marmot'),
(174, 131104, 'La+Libertad', 'Gran+Chim%FA+', 'Sayapullo'),
(174, 131200, 'La+Libertad', 'Vir%FA+', ''),
(174, 131201, 'La+Libertad', 'Vir%FA+', 'Viru'),
(174, 131202, 'La+Libertad', 'Vir%FA+', 'Chao'),
(174, 131203, 'La+Libertad', 'Vir%FA+', 'Guadalupito'),
(174, 140000, 'Lambayeque', '', ''),
(174, 140100, 'Lambayeque', 'Chiclayo+', ''),
(174, 140101, 'Lambayeque', 'Chiclayo+', 'Chiclayo'),
(174, 140102, 'Lambayeque', 'Chiclayo+', 'Chongoyape'),
(174, 140103, 'Lambayeque', 'Chiclayo+', 'Eten'),
(174, 140104, 'Lambayeque', 'Chiclayo+', 'Eten+Puerto'),
(174, 140105, 'Lambayeque', 'Chiclayo+', 'Jos%E9+Leonardo+Ortiz'),
(174, 140106, 'Lambayeque', 'Chiclayo+', 'La+Victoria'),
(174, 140107, 'Lambayeque', 'Chiclayo+', 'Lagunas'),
(174, 140108, 'Lambayeque', 'Chiclayo+', 'Monsefu'),
(174, 140109, 'Lambayeque', 'Chiclayo+', 'Nueva+Arica'),
(174, 140110, 'Lambayeque', 'Chiclayo+', 'Oyotun'),
(174, 140111, 'Lambayeque', 'Chiclayo+', 'Picsi'),
(174, 140112, 'Lambayeque', 'Chiclayo+', 'Pimentel'),
(174, 140113, 'Lambayeque', 'Chiclayo+', 'Reque'),
(174, 140114, 'Lambayeque', 'Chiclayo+', 'Santa+Rosa'),
(174, 140115, 'Lambayeque', 'Chiclayo+', 'Sa%F1a'),
(174, 140116, 'Lambayeque', 'Chiclayo+', 'Cayalti'),
(174, 140117, 'Lambayeque', 'Chiclayo+', 'Patapo'),
(174, 140118, 'Lambayeque', 'Chiclayo+', 'Pomalca'),
(174, 140119, 'Lambayeque', 'Chiclayo+', 'Pucala'),
(174, 140120, 'Lambayeque', 'Chiclayo+', 'Tuman'),
(174, 140200, 'Lambayeque', 'Ferre%F1afe+', ''),
(174, 140201, 'Lambayeque', 'Ferre%F1afe+', 'Ferre%F1afe'),
(174, 140202, 'Lambayeque', 'Ferre%F1afe+', 'Ca%F1aris'),
(174, 140203, 'Lambayeque', 'Ferre%F1afe+', 'Incahuasi'),
(174, 140204, 'Lambayeque', 'Ferre%F1afe+', 'Manuel+Antonio+Mesones+Muro'),
(174, 140205, 'Lambayeque', 'Ferre%F1afe+', 'Pitipo'),
(174, 140206, 'Lambayeque', 'Ferre%F1afe+', 'Pueblo+Nuevo'),
(174, 140300, 'Lambayeque', 'Lambayeque+', ''),
(174, 140301, 'Lambayeque', 'Lambayeque+', 'Lambayeque'),
(174, 140302, 'Lambayeque', 'Lambayeque+', 'Chochope'),
(174, 140303, 'Lambayeque', 'Lambayeque+', 'Illimo'),
(174, 140304, 'Lambayeque', 'Lambayeque+', 'Jayanca'),
(174, 140305, 'Lambayeque', 'Lambayeque+', 'Mochumi'),
(174, 140306, 'Lambayeque', 'Lambayeque+', 'Morrope'),
(174, 140307, 'Lambayeque', 'Lambayeque+', 'Motupe'),
(174, 140308, 'Lambayeque', 'Lambayeque+', 'Olmos'),
(174, 140309, 'Lambayeque', 'Lambayeque+', 'Pacora'),
(174, 140310, 'Lambayeque', 'Lambayeque+', 'Salas'),
(174, 140311, 'Lambayeque', 'Lambayeque+', 'San+Jos%E9'),
(174, 140312, 'Lambayeque', 'Lambayeque+', 'Tucume'),
(174, 150000, 'Lima', '', ''),
(174, 150100, 'Lima', 'Lima+', ''),
(174, 150101, 'Lima', 'Lima+', 'Lima'),
(174, 150102, 'Lima', 'Lima+', 'Anc%F3n'),
(174, 150103, 'Lima', 'Lima+', 'Ate'),
(174, 150104, 'Lima', 'Lima+', 'Barranco'),
(174, 150105, 'Lima', 'Lima+', 'Bre%C3%B1a'),
(174, 150106, 'Lima', 'Lima+', 'Carabayllo'),
(174, 150107, 'Lima', 'Lima+', 'Chaclacayo'),
(174, 150108, 'Lima', 'Lima+', 'Chorrillos'),
(174, 150109, 'Lima', 'Lima+', 'Cieneguilla'),
(174, 150110, 'Lima', 'Lima+', 'Comas'),
(174, 150111, 'Lima', 'Lima+', 'El+Agustino'),
(174, 150112, 'Lima', 'Lima+', 'Independencia'),
(174, 150113, 'Lima', 'Lima+', 'Jes%C3%BAs+Maria'),
(174, 150114, 'Lima', 'Lima+', 'La+Molina'),
(174, 150115, 'Lima', 'Lima+', 'La+Victoria'),
(174, 150116, 'Lima', 'Lima+', 'Lince'),
(174, 150117, 'Lima', 'Lima+', 'Los+Olivos'),
(174, 150118, 'Lima', 'Lima+', 'Lurigancho'),
(174, 150119, 'Lima', 'Lima+', 'Lurin'),
(174, 150120, 'Lima', 'Lima+', 'Magdalena+del+Mar'),
(174, 150121, 'Lima', 'Lima+', 'Pueblo+Libre'),
(174, 150122, 'Lima', 'Lima+', 'Miraflores'),
(174, 150123, 'Lima', 'Lima+', 'Pachacamac'),
(174, 150124, 'Lima', 'Lima+', 'Pucusana'),
(174, 150125, 'Lima', 'Lima+', 'Puente+Piedra'),
(174, 150126, 'Lima', 'Lima+', 'Punta+Hermosa'),
(174, 150127, 'Lima', 'Lima+', 'Punta+Negra'),
(174, 150128, 'Lima', 'Lima+', 'R%C3%ADmac'),
(174, 150129, 'Lima', 'Lima+', 'San+Bartolo'),
(174, 150130, 'Lima', 'Lima+', 'San+Borja'),
(174, 150131, 'Lima', 'Lima+', 'San+Isidro'),
(174, 150132, 'Lima', 'Lima+', 'San+Juan+de+Lurigancho'),
(174, 150133, 'Lima', 'Lima+', 'San+Juan+de+Miraflores'),
(174, 150134, 'Lima', 'Lima+', 'San+Luis'),
(174, 150135, 'Lima', 'Lima+', 'San+Mart%C3%ADn+de+Porres'),
(174, 150136, 'Lima', 'Lima+', 'San+Miguel'),
(174, 150137, 'Lima', 'Lima+', 'Santa+Anita'),
(174, 150138, 'Lima', 'Lima+', 'Santa+Mar%EDa+del+Mar'),
(174, 150139, 'Lima', 'Lima+', 'Santa+Rosa'),
(174, 150140, 'Lima', 'Lima+', 'Santiago+de+Surco'),
(174, 150141, 'Lima', 'Lima+', 'Surquillo'),
(174, 150142, 'Lima', 'Lima+', 'Villa+El+Salvador'),
(174, 150143, 'Lima', 'Lima+', 'villa+maria+del+triunfo'),
(174, 150200, 'Lima', 'Barranca+', ''),
(174, 150201, 'Lima', 'Barranca+', 'Barranca'),
(174, 150202, 'Lima', 'Barranca+', 'Paramonga'),
(174, 150203, 'Lima', 'Barranca+', 'Pativilca'),
(174, 150204, 'Lima', 'Barranca+', 'Supe'),
(174, 150205, 'Lima', 'Barranca+', 'Supe+Puerto'),
(174, 150300, 'Lima', 'Cajatambo+', ''),
(174, 150301, 'Lima', 'Cajatambo+', 'Cajatambo'),
(174, 150302, 'Lima', 'Cajatambo+', 'Copa'),
(174, 150303, 'Lima', 'Cajatambo+', 'Gorgor'),
(174, 150304, 'Lima', 'Cajatambo+', 'Huancapon'),
(174, 150305, 'Lima', 'Cajatambo+', 'Manas'),
(174, 150400, 'Lima', 'Canta+', ''),
(174, 150401, 'Lima', 'Canta+', 'Canta'),
(174, 150402, 'Lima', 'Canta+', 'Arahuay'),
(174, 150403, 'Lima', 'Canta+', 'Huamantanga'),
(174, 150404, 'Lima', 'Canta+', 'Huaros'),
(174, 150405, 'Lima', 'Canta+', 'Lachaqui'),
(174, 150406, 'Lima', 'Canta+', 'San+Buenaventura'),
(174, 150407, 'Lima', 'Canta+', 'Santa+Rosa+de+Quives'),
(174, 150500, 'Lima', 'Ca%F1ete+', ''),
(174, 150501, 'Lima', 'Ca%F1ete+', 'San+Vicente+de+Ca%F1ete'),
(174, 150502, 'Lima', 'Ca%F1ete+', 'Asia'),
(174, 150503, 'Lima', 'Ca%F1ete+', 'Calango'),
(174, 150504, 'Lima', 'Ca%F1ete+', 'Cerro+Azul'),
(174, 150505, 'Lima', 'Ca%F1ete+', 'Chilca'),
(174, 150506, 'Lima', 'Ca%F1ete+', 'Coayllo'),
(174, 150507, 'Lima', 'Ca%F1ete+', 'Imperial'),
(174, 150508, 'Lima', 'Ca%F1ete+', 'Lunahuana'),
(174, 150509, 'Lima', 'Ca%F1ete+', 'Mala'),
(174, 150510, 'Lima', 'Ca%F1ete+', 'Nuevo+Imperial'),
(174, 150511, 'Lima', 'Ca%F1ete+', 'Pacaran'),
(174, 150512, 'Lima', 'Ca%F1ete+', 'Quilmana'),
(174, 150513, 'Lima', 'Ca%F1ete+', 'San+Antonio'),
(174, 150514, 'Lima', 'Ca%F1ete+', 'San+Luis'),
(174, 150515, 'Lima', 'Ca%F1ete+', 'Santa+Cruz+de+Flores'),
(174, 150516, 'Lima', 'Ca%F1ete+', 'Z%FA%F1iga'),
(174, 150600, 'Lima', 'Huaral+', ''),
(174, 150601, 'Lima', 'Huaral+', 'Huaral'),
(174, 150602, 'Lima', 'Huaral+', 'Atavillos+Alto'),
(174, 150603, 'Lima', 'Huaral+', 'Atavillos+Bajo'),
(174, 150604, 'Lima', 'Huaral+', 'Aucallama'),
(174, 150605, 'Lima', 'Huaral+', 'Chancay'),
(174, 150606, 'Lima', 'Huaral+', 'Ihuari'),
(174, 150607, 'Lima', 'Huaral+', 'Lampian'),
(174, 150608, 'Lima', 'Huaral+', 'Pacaraos'),
(174, 150609, 'Lima', 'Huaral+', 'San+Miguel+de+Acos'),
(174, 150610, 'Lima', 'Huaral+', 'Santa+Cruz+de+Andamarca'),
(174, 150611, 'Lima', 'Huaral+', 'Sumbilca'),
(174, 150612, 'Lima', 'Huaral+', 'Veintisiete+de+Noviembre'),
(174, 150700, 'Lima', 'Huarochir%ED+', ''),
(174, 150701, 'Lima', 'Huarochir%ED+', 'Matucana'),
(174, 150702, 'Lima', 'Huarochir%ED+', 'Antioquia'),
(174, 150703, 'Lima', 'Huarochir%ED+', 'Callahuanca'),
(174, 150704, 'Lima', 'Huarochir%ED+', 'Carampoma'),
(174, 150705, 'Lima', 'Huarochir%ED+', 'Chicla'),
(174, 150706, 'Lima', 'Huarochir%ED+', 'Cuenca'),
(174, 150707, 'Lima', 'Huarochir%ED+', 'Huachupampa'),
(174, 150708, 'Lima', 'Huarochir%ED+', 'Huanza'),
(174, 150709, 'Lima', 'Huarochir%ED+', 'Huarochiri'),
(174, 150710, 'Lima', 'Huarochir%ED+', 'Lahuaytambo'),
(174, 150711, 'Lima', 'Huarochir%ED+', 'Langa'),
(174, 150712, 'Lima', 'Huarochir%ED+', 'Laraos'),
(174, 150713, 'Lima', 'Huarochir%ED+', 'Mariatana'),
(174, 150714, 'Lima', 'Huarochir%ED+', 'Ricardo+Palma'),
(174, 150715, 'Lima', 'Huarochir%ED+', 'San+Andr%E9s+de+Tupicocha'),
(174, 150716, 'Lima', 'Huarochir%ED+', 'San+Antonio'),
(174, 150717, 'Lima', 'Huarochir%ED+', 'San+Bartolom%E9'),
(174, 150718, 'Lima', 'Huarochir%ED+', 'San+Damian'),
(174, 150719, 'Lima', 'Huarochir%ED+', 'San+Juan+de+Iris'),
(174, 150720, 'Lima', 'Huarochir%ED+', 'San+Juan+de+Tantaranche'),
(174, 150721, 'Lima', 'Huarochir%ED+', 'San+Lorenzo+de+Quinti'),
(174, 150722, 'Lima', 'Huarochir%ED+', 'San+Mateo'),
(174, 150723, 'Lima', 'Huarochir%ED+', 'San+Mateo+de+Otao'),
(174, 150724, 'Lima', 'Huarochir%ED+', 'San+Pedro+de+Casta'),
(174, 150725, 'Lima', 'Huarochir%ED+', 'San+Pedro+de+Huancayre'),
(174, 150726, 'Lima', 'Huarochir%ED+', 'Sangallaya'),
(174, 150727, 'Lima', 'Huarochir%ED+', 'Santa+Cruz+de+Cocachacra'),
(174, 150728, 'Lima', 'Huarochir%ED+', 'Santa+Eulalia'),
(174, 150729, 'Lima', 'Huarochir%ED+', 'Santiago+de+Anchucaya'),
(174, 150730, 'Lima', 'Huarochir%ED+', 'Santiago+de+Tuna'),
(174, 150731, 'Lima', 'Huarochir%ED+', 'Santo+Domingo+de+Los+Olleros'),
(174, 150732, 'Lima', 'Huarochir%ED+', 'Surco'),
(174, 150800, 'Lima', 'Huaura+', ''),
(174, 150801, 'Lima', 'Huaura+', 'Huacho'),
(174, 150802, 'Lima', 'Huaura+', 'Ambar'),
(174, 150803, 'Lima', 'Huaura+', 'Caleta+de+Carquin'),
(174, 150804, 'Lima', 'Huaura+', 'Checras'),
(174, 150805, 'Lima', 'Huaura+', 'Hualmay'),
(174, 150806, 'Lima', 'Huaura+', 'Huaura'),
(174, 150807, 'Lima', 'Huaura+', 'Leoncio+Prado'),
(174, 150808, 'Lima', 'Huaura+', 'Paccho'),
(174, 150809, 'Lima', 'Huaura+', 'Santa+Leonor'),
(174, 150810, 'Lima', 'Huaura+', 'Santa+Mar%EDa'),
(174, 150811, 'Lima', 'Huaura+', 'Sayan'),
(174, 150812, 'Lima', 'Huaura+', 'Vegueta'),
(174, 150900, 'Lima', 'Oy%F3n+', ''),
(174, 150901, 'Lima', 'Oy%F3n+', 'Oyon'),
(174, 150902, 'Lima', 'Oy%F3n+', 'Andajes'),
(174, 150903, 'Lima', 'Oy%F3n+', 'Caujul'),
(174, 150904, 'Lima', 'Oy%F3n+', 'Cochamarca'),
(174, 150905, 'Lima', 'Oy%F3n+', 'Navan'),
(174, 150906, 'Lima', 'Oy%F3n+', 'Pachangara'),
(174, 151000, 'Lima', 'Yauyos+', ''),
(174, 151001, 'Lima', 'Yauyos+', 'Yauyos'),
(174, 151002, 'Lima', 'Yauyos+', 'Alis'),
(174, 151003, 'Lima', 'Yauyos+', 'Allauca'),
(174, 151004, 'Lima', 'Yauyos+', 'Ayaviri'),
(174, 151005, 'Lima', 'Yauyos+', 'Az%E1ngaro'),
(174, 151006, 'Lima', 'Yauyos+', 'Cacra'),
(174, 151007, 'Lima', 'Yauyos+', 'Carania'),
(174, 151008, 'Lima', 'Yauyos+', 'Catahuasi'),
(174, 151009, 'Lima', 'Yauyos+', 'Chocos'),
(174, 151010, 'Lima', 'Yauyos+', 'Cochas'),
(174, 151011, 'Lima', 'Yauyos+', 'Colonia'),
(174, 151012, 'Lima', 'Yauyos+', 'Hongos'),
(174, 151013, 'Lima', 'Yauyos+', 'Huampara'),
(174, 151014, 'Lima', 'Yauyos+', 'Huancaya'),
(174, 151015, 'Lima', 'Yauyos+', 'Huangascar'),
(174, 151016, 'Lima', 'Yauyos+', 'Huantan'),
(174, 151017, 'Lima', 'Yauyos+', 'Hua%F1ec'),
(174, 151018, 'Lima', 'Yauyos+', 'Laraos'),
(174, 151019, 'Lima', 'Yauyos+', 'Lincha'),
(174, 151020, 'Lima', 'Yauyos+', 'Madean'),
(174, 151021, 'Lima', 'Yauyos+', 'Miraflores'),
(174, 151022, 'Lima', 'Yauyos+', 'Omas'),
(174, 151023, 'Lima', 'Yauyos+', 'Putinza'),
(174, 151024, 'Lima', 'Yauyos+', 'Quinches'),
(174, 151025, 'Lima', 'Yauyos+', 'Quinocay'),
(174, 151026, 'Lima', 'Yauyos+', 'San+Joaqu%EDn'),
(174, 151027, 'Lima', 'Yauyos+', 'San+Pedro+de+Pilas'),
(174, 151028, 'Lima', 'Yauyos+', 'Tanta'),
(174, 151029, 'Lima', 'Yauyos+', 'Tauripampa'),
(174, 151030, 'Lima', 'Yauyos+', 'Tomas'),
(174, 151031, 'Lima', 'Yauyos+', 'Tupe'),
(174, 151032, 'Lima', 'Yauyos+', 'Vi%F1ac'),
(174, 151033, 'Lima', 'Yauyos+', 'Vitis'),
(174, 160000, 'Loreto', '', ''),
(174, 160100, 'Loreto', 'Maynas+', ''),
(174, 160101, 'Loreto', 'Maynas+', 'Iquitos'),
(174, 160102, 'Loreto', 'Maynas+', 'Alto+Nanay'),
(174, 160103, 'Loreto', 'Maynas+', 'Fernando+Lores'),
(174, 160104, 'Loreto', 'Maynas+', 'Indiana'),
(174, 160105, 'Loreto', 'Maynas+', 'Las+Amazonas'),
(174, 160106, 'Loreto', 'Maynas+', 'Mazan'),
(174, 160107, 'Loreto', 'Maynas+', 'Napo'),
(174, 160108, 'Loreto', 'Maynas+', 'Punchana'),
(174, 160110, 'Loreto', 'Maynas+', 'Torres+Causana'),
(174, 160112, 'Loreto', 'Maynas+', 'Bel%E9n'),
(174, 160113, 'Loreto', 'Maynas+', 'San+Juan+Bautista'),
(174, 160200, 'Loreto', 'Alto+Amazonas+', ''),
(174, 160201, 'Loreto', 'Alto+Amazonas+', 'Yurimaguas'),
(174, 160202, 'Loreto', 'Alto+Amazonas+', 'Balsapuerto'),
(174, 160205, 'Loreto', 'Alto+Amazonas+', 'Jeberos'),
(174, 160206, 'Loreto', 'Alto+Amazonas+', 'Lagunas'),
(174, 160210, 'Loreto', 'Alto+Amazonas+', 'Santa+Cruz'),
(174, 160211, 'Loreto', 'Alto+Amazonas+', 'Teniente+Cesar+L%F3pez+Rojas'),
(174, 160300, 'Loreto', 'Loreto+', ''),
(174, 160301, 'Loreto', 'Loreto+', 'Nauta'),
(174, 160302, 'Loreto', 'Loreto+', 'Parinari'),
(174, 160303, 'Loreto', 'Loreto+', 'Tigre'),
(174, 160304, 'Loreto', 'Loreto+', 'Trompeteros'),
(174, 160305, 'Loreto', 'Loreto+', 'Urarinas'),
(174, 160400, 'Loreto', 'Mariscal+Ram%F3n+Castilla+', ''),
(174, 160401, 'Loreto', 'Mariscal+Ram%F3n+Castilla+', 'Ram%F3n+Castilla'),
(174, 160402, 'Loreto', 'Mariscal+Ram%F3n+Castilla+', 'Pebas'),
(174, 160403, 'Loreto', 'Mariscal+Ram%F3n+Castilla+', 'Yavari'),
(174, 160404, 'Loreto', 'Mariscal+Ram%F3n+Castilla+', 'San+Pablo'),
(174, 160500, 'Loreto', 'Requena+', ''),
(174, 160501, 'Loreto', 'Requena+', 'Requena'),
(174, 160502, 'Loreto', 'Requena+', 'Alto+Tapiche'),
(174, 160503, 'Loreto', 'Requena+', 'Capelo'),
(174, 160504, 'Loreto', 'Requena+', 'Emilio+San+Mart%EDn'),
(174, 160505, 'Loreto', 'Requena+', 'Maquia'),
(174, 160506, 'Loreto', 'Requena+', 'Puinahua'),
(174, 160507, 'Loreto', 'Requena+', 'Saquena'),
(174, 160508, 'Loreto', 'Requena+', 'Soplin'),
(174, 160509, 'Loreto', 'Requena+', 'Tapiche'),
(174, 160510, 'Loreto', 'Requena+', 'Jenaro+Herrera'),
(174, 160511, 'Loreto', 'Requena+', 'Yaquerana'),
(174, 160600, 'Loreto', 'Ucayali+', ''),
(174, 160601, 'Loreto', 'Ucayali+', 'Contamana'),
(174, 160602, 'Loreto', 'Ucayali+', 'Inahuaya'),
(174, 160603, 'Loreto', 'Ucayali+', 'Padre+M%E1rquez'),
(174, 160604, 'Loreto', 'Ucayali+', 'Pampa+Hermosa'),
(174, 160605, 'Loreto', 'Ucayali+', 'Sarayacu'),
(174, 160606, 'Loreto', 'Ucayali+', 'Vargas+Guerra'),
(174, 160700, 'Loreto', 'Datem+del+Mara%F1%F3n+', ''),
(174, 160701, 'Loreto', 'Datem+del+Mara%F1%F3n+', 'Barranca'),
(174, 160702, 'Loreto', 'Datem+del+Mara%F1%F3n+', 'Cahuapanas'),
(174, 160703, 'Loreto', 'Datem+del+Mara%F1%F3n+', 'Manseriche'),
(174, 160704, 'Loreto', 'Datem+del+Mara%F1%F3n+', 'Morona'),
(174, 160705, 'Loreto', 'Datem+del+Mara%F1%F3n+', 'Pastaza'),
(174, 160706, 'Loreto', 'Datem+del+Mara%F1%F3n+', 'Andoas'),
(174, 160800, 'Loreto', 'Putumayo', ''),
(174, 160801, 'Loreto', 'Putumayo', 'Putumayo'),
(174, 160802, 'Loreto', 'Putumayo', 'Rosa+Panduro'),
(174, 160803, 'Loreto', 'Putumayo', 'Teniente+Manuel+Clavero'),
(174, 160804, 'Loreto', 'Putumayo', 'Yaguas'),
(174, 170000, 'Madre+de+Dios', '', ''),
(174, 170100, 'Madre+de+Dios', 'Tambopata+', ''),
(174, 170101, 'Madre+de+Dios', 'Tambopata+', 'Tambopata'),
(174, 170102, 'Madre+de+Dios', 'Tambopata+', 'Inambari'),
(174, 170103, 'Madre+de+Dios', 'Tambopata+', 'Las+Piedras'),
(174, 170104, 'Madre+de+Dios', 'Tambopata+', 'Laberinto'),
(174, 170200, 'Madre+de+Dios', 'Manu+', ''),
(174, 170201, 'Madre+de+Dios', 'Manu+', 'Manu'),
(174, 170202, 'Madre+de+Dios', 'Manu+', 'Fitzcarrald'),
(174, 170203, 'Madre+de+Dios', 'Manu+', 'Madre+de+Dios'),
(174, 170204, 'Madre+de+Dios', 'Manu+', 'Huepetuhe'),
(174, 170300, 'Madre+de+Dios', 'Tahuamanu+', ''),
(174, 170301, 'Madre+de+Dios', 'Tahuamanu+', 'I%F1apari'),
(174, 170302, 'Madre+de+Dios', 'Tahuamanu+', 'Iberia'),
(174, 170303, 'Madre+de+Dios', 'Tahuamanu+', 'Tahuamanu'),
(174, 180000, 'Moquegua', '', ''),
(174, 180100, 'Moquegua', 'Mariscal+Nieto+', ''),
(174, 180101, 'Moquegua', 'Mariscal+Nieto+', 'Moquegua'),
(174, 180102, 'Moquegua', 'Mariscal+Nieto+', 'Carumas'),
(174, 180103, 'Moquegua', 'Mariscal+Nieto+', 'Cuchumbaya'),
(174, 180104, 'Moquegua', 'Mariscal+Nieto+', 'Samegua'),
(174, 180105, 'Moquegua', 'Mariscal+Nieto+', 'San+Crist%F3bal'),
(174, 180106, 'Moquegua', 'Mariscal+Nieto+', 'Torata'),
(174, 180200, 'Moquegua', 'General+S%E1nchez+Cerro+', ''),
(174, 180201, 'Moquegua', 'General+S%E1nchez+Cerro+', 'Omate'),
(174, 180202, 'Moquegua', 'General+S%E1nchez+Cerro+', 'Chojata'),
(174, 180203, 'Moquegua', 'General+S%E1nchez+Cerro+', 'Coalaque'),
(174, 180204, 'Moquegua', 'General+S%E1nchez+Cerro+', 'Ichu%F1a'),
(174, 180205, 'Moquegua', 'General+S%E1nchez+Cerro+', 'La+Capilla'),
(174, 180206, 'Moquegua', 'General+S%E1nchez+Cerro+', 'Lloque'),
(174, 180207, 'Moquegua', 'General+S%E1nchez+Cerro+', 'Matalaque'),
(174, 180208, 'Moquegua', 'General+S%E1nchez+Cerro+', 'Puquina'),
(174, 180209, 'Moquegua', 'General+S%E1nchez+Cerro+', 'Quinistaquillas'),
(174, 180210, 'Moquegua', 'General+S%E1nchez+Cerro+', 'Ubinas'),
(174, 180211, 'Moquegua', 'General+S%E1nchez+Cerro+', 'Yunga'),
(174, 180300, 'Moquegua', 'Ilo+', ''),
(174, 180301, 'Moquegua', 'Ilo+', 'Ilo'),
(174, 180302, 'Moquegua', 'Ilo+', 'El+Algarrobal'),
(174, 180303, 'Moquegua', 'Ilo+', 'Pacocha'),
(174, 190000, 'Pasco', '', ''),
(174, 190100, 'Pasco', 'Pasco+', ''),
(174, 190101, 'Pasco', 'Pasco+', 'Chaupimarca'),
(174, 190102, 'Pasco', 'Pasco+', 'Huachon'),
(174, 190103, 'Pasco', 'Pasco+', 'Huariaca'),
(174, 190104, 'Pasco', 'Pasco+', 'Huayllay'),
(174, 190105, 'Pasco', 'Pasco+', 'Ninacaca'),
(174, 190106, 'Pasco', 'Pasco+', 'Pallanchacra'),
(174, 190107, 'Pasco', 'Pasco+', 'Paucartambo'),
(174, 190108, 'Pasco', 'Pasco+', 'San+Francisco+de+As%EDs+de+Yarusyacan'),
(174, 190109, 'Pasco', 'Pasco+', 'Simon+Bol%EDvar'),
(174, 190110, 'Pasco', 'Pasco+', 'Ticlacayan'),
(174, 190111, 'Pasco', 'Pasco+', 'Tinyahuarco'),
(174, 190112, 'Pasco', 'Pasco+', 'Vicco'),
(174, 190113, 'Pasco', 'Pasco+', 'Yanacancha'),
(174, 190200, 'Pasco', 'Daniel+Alcides+Carri%F3n+', ''),
(174, 190201, 'Pasco', 'Daniel+Alcides+Carri%F3n+', 'Yanahuanca'),
(174, 190202, 'Pasco', 'Daniel+Alcides+Carri%F3n+', 'Chacayan'),
(174, 190203, 'Pasco', 'Daniel+Alcides+Carri%F3n+', 'Goyllarisquizga'),
(174, 190204, 'Pasco', 'Daniel+Alcides+Carri%F3n+', 'Paucar'),
(174, 190205, 'Pasco', 'Daniel+Alcides+Carri%F3n+', 'San+Pedro+de+Pillao'),
(174, 190206, 'Pasco', 'Daniel+Alcides+Carri%F3n+', 'Santa+Ana+de+Tusi'),
(174, 190207, 'Pasco', 'Daniel+Alcides+Carri%F3n+', 'Tapuc'),
(174, 190208, 'Pasco', 'Daniel+Alcides+Carri%F3n+', 'Vilcabamba'),
(174, 190300, 'Pasco', 'Oxapampa+', ''),
(174, 190301, 'Pasco', 'Oxapampa+', 'Oxapampa'),
(174, 190302, 'Pasco', 'Oxapampa+', 'Chontabamba'),
(174, 190303, 'Pasco', 'Oxapampa+', 'Huancabamba'),
(174, 190304, 'Pasco', 'Oxapampa+', 'Palcazu'),
(174, 190305, 'Pasco', 'Oxapampa+', 'Pozuzo'),
(174, 190306, 'Pasco', 'Oxapampa+', 'Puerto+Berm%FAdez'),
(174, 190307, 'Pasco', 'Oxapampa+', 'Villa+Rica'),
(174, 190308, 'Pasco', 'Oxapampa+', 'Constituci%F3n'),
(174, 200000, 'Piura', '', ''),
(174, 200100, 'Piura', 'Piura+', ''),
(174, 200101, 'Piura', 'Piura+', 'Piura'),
(174, 200104, 'Piura', 'Piura+', 'Castilla'),
(174, 200105, 'Piura', 'Piura+', 'Atacaos'),
(174, 200107, 'Piura', 'Piura+', 'Cura+Mori'),
(174, 200108, 'Piura', 'Piura+', 'El+Tallan'),
(174, 200109, 'Piura', 'Piura+', 'La+Arena'),
(174, 200110, 'Piura', 'Piura+', 'La+Uni%F3n'),
(174, 200111, 'Piura', 'Piura+', 'Las+Lomas'),
(174, 200114, 'Piura', 'Piura+', 'Tambo+Grande'),
(174, 200115, 'Piura', 'Piura+', 'Veintiseis+de+Octubre'),
(174, 200200, 'Piura', 'Ayabaca+', ''),
(174, 200201, 'Piura', 'Ayabaca+', 'Ayabaca'),
(174, 200202, 'Piura', 'Ayabaca+', 'Frias'),
(174, 200203, 'Piura', 'Ayabaca+', 'Jilili'),
(174, 200204, 'Piura', 'Ayabaca+', 'Lagunas'),
(174, 200205, 'Piura', 'Ayabaca+', 'Montero'),
(174, 200206, 'Piura', 'Ayabaca+', 'Pacaipampa'),
(174, 200207, 'Piura', 'Ayabaca+', 'Paimas'),
(174, 200208, 'Piura', 'Ayabaca+', 'Sapillica'),
(174, 200209, 'Piura', 'Ayabaca+', 'Sicchez'),
(174, 200210, 'Piura', 'Ayabaca+', 'Suyo'),
(174, 200300, 'Piura', 'Huancabamba+', ''),
(174, 200301, 'Piura', 'Huancabamba+', 'Huancabamba'),
(174, 200302, 'Piura', 'Huancabamba+', 'Canchaque'),
(174, 200303, 'Piura', 'Huancabamba+', 'El+Carmen+de+la+Frontera'),
(174, 200304, 'Piura', 'Huancabamba+', 'Huarmaca'),
(174, 200305, 'Piura', 'Huancabamba+', 'Lalaquiz'),
(174, 200306, 'Piura', 'Huancabamba+', 'San+Miguel+de+El+Faique'),
(174, 200307, 'Piura', 'Huancabamba+', 'Sondor'),
(174, 200308, 'Piura', 'Huancabamba+', 'Sondorillo'),
(174, 200400, 'Piura', 'Morrop%F3n+', ''),
(174, 200401, 'Piura', 'Morrop%F3n+', 'Chulucanas'),
(174, 200402, 'Piura', 'Morrop%F3n+', 'Buenos+Aires'),
(174, 200403, 'Piura', 'Morrop%F3n+', 'Chalaco'),
(174, 200404, 'Piura', 'Morrop%F3n+', 'La+Matanza'),
(174, 200405, 'Piura', 'Morrop%F3n+', 'Morropon'),
(174, 200406, 'Piura', 'Morrop%F3n+', 'Salitral'),
(174, 200407, 'Piura', 'Morrop%F3n+', 'San+Juan+de+Bigote'),
(174, 200408, 'Piura', 'Morrop%F3n+', 'Santa+Catalina+de+Mossa'),
(174, 200409, 'Piura', 'Morrop%F3n+', 'Santo+Domingo'),
(174, 200410, 'Piura', 'Morrop%F3n+', 'Yamango'),
(174, 200500, 'Piura', 'Paita+', ''),
(174, 200501, 'Piura', 'Paita+', 'Paita'),
(174, 200502, 'Piura', 'Paita+', 'Amotape'),
(174, 200503, 'Piura', 'Paita+', 'Arenal'),
(174, 200504, 'Piura', 'Paita+', 'Colan'),
(174, 200505, 'Piura', 'Paita+', 'La+Huaca'),
(174, 200506, 'Piura', 'Paita+', 'Tamarindo'),
(174, 200507, 'Piura', 'Paita+', 'Vichayal'),
(174, 200600, 'Piura', 'Sullana+', ''),
(174, 200601, 'Piura', 'Sullana+', 'Sullana'),
(174, 200602, 'Piura', 'Sullana+', 'Bellavista'),
(174, 200603, 'Piura', 'Sullana+', 'Ignacio+Escudero'),
(174, 200604, 'Piura', 'Sullana+', 'Lancones'),
(174, 200605, 'Piura', 'Sullana+', 'Marcavelica'),
(174, 200606, 'Piura', 'Sullana+', 'Miguel+Checa'),
(174, 200607, 'Piura', 'Sullana+', 'Querecotillo'),
(174, 200608, 'Piura', 'Sullana+', 'Salitral'),
(174, 200700, 'Piura', 'Talara+', ''),
(174, 200701, 'Piura', 'Talara+', 'Pari%F1as'),
(174, 200702, 'Piura', 'Talara+', 'El+Alto'),
(174, 200703, 'Piura', 'Talara+', 'La+Brea'),
(174, 200704, 'Piura', 'Talara+', 'Lobitos'),
(174, 200705, 'Piura', 'Talara+', 'Los+Organos'),
(174, 200706, 'Piura', 'Talara+', 'Mancora'),
(174, 200800, 'Piura', 'Sechura+', ''),
(174, 200801, 'Piura', 'Sechura+', 'Sechura'),
(174, 200802, 'Piura', 'Sechura+', 'Bellavista+de+la+Uni%F3n'),
(174, 200803, 'Piura', 'Sechura+', 'Bernal'),
(174, 200804, 'Piura', 'Sechura+', 'Cristo+Nos+Valga'),
(174, 200805, 'Piura', 'Sechura+', 'Vice'),
(174, 200806, 'Piura', 'Sechura+', 'Rinconada+Llicuar'),
(174, 210000, 'Puno', '', ''),
(174, 210100, 'Puno', 'Puno+', ''),
(174, 210101, 'Puno', 'Puno+', 'Puno'),
(174, 210102, 'Puno', 'Puno+', 'Acora'),
(174, 210103, 'Puno', 'Puno+', 'Amantani'),
(174, 210104, 'Puno', 'Puno+', 'Atuncolla'),
(174, 210105, 'Puno', 'Puno+', 'Capachica'),
(174, 210106, 'Puno', 'Puno+', 'Chucuito'),
(174, 210107, 'Puno', 'Puno+', 'Coata'),
(174, 210108, 'Puno', 'Puno+', 'Huata'),
(174, 210109, 'Puno', 'Puno+', 'Ma%F1azo'),
(174, 210110, 'Puno', 'Puno+', 'Paucarcolla'),
(174, 210111, 'Puno', 'Puno+', 'Pichacani'),
(174, 210112, 'Puno', 'Puno+', 'Plateria'),
(174, 210113, 'Puno', 'Puno+', 'San+Antonio'),
(174, 210114, 'Puno', 'Puno+', 'Tiquillaca'),
(174, 210115, 'Puno', 'Puno+', 'Vilque'),
(174, 210200, 'Puno', 'Az%E1ngaro+', ''),
(174, 210201, 'Puno', 'Az%E1ngaro+', 'Az%E1ngaro'),
(174, 210202, 'Puno', 'Az%E1ngaro+', 'Achaya'),
(174, 210203, 'Puno', 'Az%E1ngaro+', 'Arapa'),
(174, 210204, 'Puno', 'Az%E1ngaro+', 'Asillo'),
(174, 210205, 'Puno', 'Az%E1ngaro+', 'Caminaca'),
(174, 210206, 'Puno', 'Az%E1ngaro+', 'Chupa'),
(174, 210207, 'Puno', 'Az%E1ngaro+', 'Jos%E9+Domingo+Choquehuanca'),
(174, 210208, 'Puno', 'Az%E1ngaro+', 'Mu%F1ani'),
(174, 210209, 'Puno', 'Az%E1ngaro+', 'Potoni'),
(174, 210210, 'Puno', 'Az%E1ngaro+', 'Saman'),
(174, 210211, 'Puno', 'Az%E1ngaro+', 'San+Anton'),
(174, 210212, 'Puno', 'Az%E1ngaro+', 'San+Jos%E9'),
(174, 210213, 'Puno', 'Az%E1ngaro+', 'San+Juan+de+Salinas'),
(174, 210214, 'Puno', 'Az%E1ngaro+', 'Santiago+de+Pupuja'),
(174, 210215, 'Puno', 'Az%E1ngaro+', 'Tirapata'),
(174, 210300, 'Puno', 'Carabaya+', ''),
(174, 210301, 'Puno', 'Carabaya+', 'Macusani'),
(174, 210302, 'Puno', 'Carabaya+', 'Ajoyani'),
(174, 210303, 'Puno', 'Carabaya+', 'Ayapata'),
(174, 210304, 'Puno', 'Carabaya+', 'Coasa'),
(174, 210305, 'Puno', 'Carabaya+', 'Corani'),
(174, 210306, 'Puno', 'Carabaya+', 'Crucero'),
(174, 210307, 'Puno', 'Carabaya+', 'Ituata'),
(174, 210308, 'Puno', 'Carabaya+', 'Ollachea'),
(174, 210309, 'Puno', 'Carabaya+', 'San+Gaban'),
(174, 210310, 'Puno', 'Carabaya+', 'Usicayos'),
(174, 210400, 'Puno', 'Chucuito+', ''),
(174, 210401, 'Puno', 'Chucuito+', 'Juli'),
(174, 210402, 'Puno', 'Chucuito+', 'Desaguadero'),
(174, 210403, 'Puno', 'Chucuito+', 'Huacullani'),
(174, 210404, 'Puno', 'Chucuito+', 'Kelluyo'),
(174, 210405, 'Puno', 'Chucuito+', 'Pisacoma'),
(174, 210406, 'Puno', 'Chucuito+', 'Pomata'),
(174, 210407, 'Puno', 'Chucuito+', 'Zepita'),
(174, 210500, 'Puno', 'El+Collao+', ''),
(174, 210501, 'Puno', 'El+Collao+', 'Ilave'),
(174, 210502, 'Puno', 'El+Collao+', 'Capazo'),
(174, 210503, 'Puno', 'El+Collao+', 'Pilcuyo'),
(174, 210504, 'Puno', 'El+Collao+', 'Santa+Rosa'),
(174, 210505, 'Puno', 'El+Collao+', 'Conduriri'),
(174, 210600, 'Puno', 'Huancan%E9+', ''),
(174, 210601, 'Puno', 'Huancan%E9+', 'Huancane'),
(174, 210602, 'Puno', 'Huancan%E9+', 'Cojata'),
(174, 210603, 'Puno', 'Huancan%E9+', 'Huatasani'),
(174, 210604, 'Puno', 'Huancan%E9+', 'Inchupalla'),
(174, 210605, 'Puno', 'Huancan%E9+', 'Pusi'),
(174, 210606, 'Puno', 'Huancan%E9+', 'Rosaspata'),
(174, 210607, 'Puno', 'Huancan%E9+', 'Taraco'),
(174, 210608, 'Puno', 'Huancan%E9+', 'Vilque+Chico'),
(174, 210700, 'Puno', 'Lampa+', ''),
(174, 210701, 'Puno', 'Lampa+', 'Lampa'),
(174, 210702, 'Puno', 'Lampa+', 'Cabanilla'),
(174, 210703, 'Puno', 'Lampa+', 'Calapuja'),
(174, 210704, 'Puno', 'Lampa+', 'Nicasio'),
(174, 210705, 'Puno', 'Lampa+', 'Ocuviri'),
(174, 210706, 'Puno', 'Lampa+', 'Palca'),
(174, 210707, 'Puno', 'Lampa+', 'Paratia'),
(174, 210708, 'Puno', 'Lampa+', 'Pucara'),
(174, 210709, 'Puno', 'Lampa+', 'Santa+Lucia'),
(174, 210710, 'Puno', 'Lampa+', 'Vilavila'),
(174, 210800, 'Puno', 'Melgar+', ''),
(174, 210801, 'Puno', 'Melgar+', 'Ayaviri'),
(174, 210802, 'Puno', 'Melgar+', 'Antauta'),
(174, 210803, 'Puno', 'Melgar+', 'Cupi'),
(174, 210804, 'Puno', 'Melgar+', 'Llalli'),
(174, 210805, 'Puno', 'Melgar+', 'Macari'),
(174, 210806, 'Puno', 'Melgar+', 'Nu%F1oa'),
(174, 210807, 'Puno', 'Melgar+', 'Orurillo'),
(174, 210808, 'Puno', 'Melgar+', 'Santa+Rosa'),
(174, 210809, 'Puno', 'Melgar+', 'Umachiri'),
(174, 210900, 'Puno', 'Moho+', ''),
(174, 210901, 'Puno', 'Moho+', 'Moho'),
(174, 210902, 'Puno', 'Moho+', 'Conima'),
(174, 210903, 'Puno', 'Moho+', 'Huayrapata'),
(174, 210904, 'Puno', 'Moho+', 'Tilali'),
(174, 211000, 'Puno', 'San+Antonio+de+Putina+', ''),
(174, 211001, 'Puno', 'San+Antonio+de+Putina+', 'Putina'),
(174, 211002, 'Puno', 'San+Antonio+de+Putina+', 'Ananea'),
(174, 211003, 'Puno', 'San+Antonio+de+Putina+', 'Pedro+Vilca+Apaza'),
(174, 211004, 'Puno', 'San+Antonio+de+Putina+', 'Quilcapuncu'),
(174, 211005, 'Puno', 'San+Antonio+de+Putina+', 'Sina'),
(174, 211100, 'Puno', 'San+Rom%E1n+', ''),
(174, 211101, 'Puno', 'San+Rom%E1n+', 'Juliaca'),
(174, 211102, 'Puno', 'San+Rom%E1n+', 'Cabana'),
(174, 211103, 'Puno', 'San+Rom%E1n+', 'Cabanillas'),
(174, 211104, 'Puno', 'San+Rom%E1n+', 'Caracoto'),
(174, 211200, 'Puno', 'Sandia+', ''),
(174, 211201, 'Puno', 'Sandia+', 'Sandia'),
(174, 211202, 'Puno', 'Sandia+', 'Cuyocuyo'),
(174, 211203, 'Puno', 'Sandia+', 'Limbani'),
(174, 211204, 'Puno', 'Sandia+', 'Patambuco'),
(174, 211205, 'Puno', 'Sandia+', 'Phara'),
(174, 211206, 'Puno', 'Sandia+', 'Quiaca'),
(174, 211207, 'Puno', 'Sandia+', 'San+Juan+del+Oro'),
(174, 211208, 'Puno', 'Sandia+', 'Yanahuaya'),
(174, 211209, 'Puno', 'Sandia+', 'Alto+Inambari'),
(174, 211210, 'Puno', 'Sandia+', 'San+Pedro+de+Putina+Punco'),
(174, 211300, 'Puno', 'Yunguyo+', ''),
(174, 211301, 'Puno', 'Yunguyo+', 'Yunguyo'),
(174, 211302, 'Puno', 'Yunguyo+', 'Anapia'),
(174, 211303, 'Puno', 'Yunguyo+', 'Copani'),
(174, 211304, 'Puno', 'Yunguyo+', 'Cuturapi'),
(174, 211305, 'Puno', 'Yunguyo+', 'Ollaraya'),
(174, 211306, 'Puno', 'Yunguyo+', 'Tinicachi'),
(174, 211307, 'Puno', 'Yunguyo+', 'Unicachi'),
(174, 220000, 'San+Mart%EDn', '', ''),
(174, 220100, 'San+Mart%EDn', 'Moyobamba+', ''),
(174, 220101, 'San+Mart%EDn', 'Moyobamba+', 'Moyobamba'),
(174, 220102, 'San+Mart%EDn', 'Moyobamba+', 'Calzada'),
(174, 220103, 'San+Mart%EDn', 'Moyobamba+', 'Habana'),
(174, 220104, 'San+Mart%EDn', 'Moyobamba+', 'Jepelacio'),
(174, 220105, 'San+Mart%EDn', 'Moyobamba+', 'Soritor'),
(174, 220106, 'San+Mart%EDn', 'Moyobamba+', 'Yantalo'),
(174, 220200, 'San+Mart%EDn', 'Bellavista+', ''),
(174, 220201, 'San+Mart%EDn', 'Bellavista+', 'Bellavista'),
(174, 220202, 'San+Mart%EDn', 'Bellavista+', 'Alto+Biavo'),
(174, 220203, 'San+Mart%EDn', 'Bellavista+', 'Bajo+Biavo'),
(174, 220204, 'San+Mart%EDn', 'Bellavista+', 'Huallaga'),
(174, 220205, 'San+Mart%EDn', 'Bellavista+', 'San+Pablo'),
(174, 220206, 'San+Mart%EDn', 'Bellavista+', 'San+Rafael'),
(174, 220300, 'San+Mart%EDn', 'El+Dorado+', ''),
(174, 220301, 'San+Mart%EDn', 'El+Dorado+', 'San+Jos%E9+de+Sisa'),
(174, 220302, 'San+Mart%EDn', 'El+Dorado+', 'Agua+Blanca'),
(174, 220303, 'San+Mart%EDn', 'El+Dorado+', 'San+Mart%EDn'),
(174, 220304, 'San+Mart%EDn', 'El+Dorado+', 'Santa+Rosa'),
(174, 220305, 'San+Mart%EDn', 'El+Dorado+', 'Shatoja'),
(174, 220400, 'San+Mart%EDn', 'Huallaga+', ''),
(174, 220401, 'San+Mart%EDn', 'Huallaga+', 'Saposoa'),
(174, 220402, 'San+Mart%EDn', 'Huallaga+', 'Alto+Saposoa'),
(174, 220403, 'San+Mart%EDn', 'Huallaga+', 'El+Eslab%F3n'),
(174, 220404, 'San+Mart%EDn', 'Huallaga+', 'Piscoyacu'),
(174, 220405, 'San+Mart%EDn', 'Huallaga+', 'Sacanche'),
(174, 220406, 'San+Mart%EDn', 'Huallaga+', 'Tingo+de+Saposoa'),
(174, 220500, 'San+Mart%EDn', 'Lamas+', ''),
(174, 220501, 'San+Mart%EDn', 'Lamas+', 'Lamas'),
(174, 220502, 'San+Mart%EDn', 'Lamas+', 'Alonso+de+Alvarado'),
(174, 220503, 'San+Mart%EDn', 'Lamas+', 'Barranquita'),
(174, 220504, 'San+Mart%EDn', 'Lamas+', 'Caynarachi'),
(174, 220505, 'San+Mart%EDn', 'Lamas+', 'Cu%F1umbuqui'),
(174, 220506, 'San+Mart%EDn', 'Lamas+', 'Pinto+Recodo'),
(174, 220507, 'San+Mart%EDn', 'Lamas+', 'Rumisapa'),
(174, 220508, 'San+Mart%EDn', 'Lamas+', 'San+Roque+de+Cumbaza'),
(174, 220509, 'San+Mart%EDn', 'Lamas+', 'Shanao'),
(174, 220510, 'San+Mart%EDn', 'Lamas+', 'Tabalosos'),
(174, 220511, 'San+Mart%EDn', 'Lamas+', 'Zapatero'),
(174, 220600, 'San+Mart%EDn', 'Mariscal+C%E1ceres+', ''),
(174, 220601, 'San+Mart%EDn', 'Mariscal+C%E1ceres+', 'Juanju%ED'),
(174, 220602, 'San+Mart%EDn', 'Mariscal+C%E1ceres+', 'Campanilla'),
(174, 220603, 'San+Mart%EDn', 'Mariscal+C%E1ceres+', 'Huicungo'),
(174, 220604, 'San+Mart%EDn', 'Mariscal+C%E1ceres+', 'Pachiza'),
(174, 220605, 'San+Mart%EDn', 'Mariscal+C%E1ceres+', 'Pajarillo'),
(174, 220700, 'San+Mart%EDn', 'Picota+', ''),
(174, 220701, 'San+Mart%EDn', 'Picota+', 'Picota'),
(174, 220702, 'San+Mart%EDn', 'Picota+', 'Buenos+Aires'),
(174, 220703, 'San+Mart%EDn', 'Picota+', 'Caspisapa'),
(174, 220704, 'San+Mart%EDn', 'Picota+', 'Pilluana'),
(174, 220705, 'San+Mart%EDn', 'Picota+', 'Pucacaca'),
(174, 220706, 'San+Mart%EDn', 'Picota+', 'San+Crist%F3bal'),
(174, 220707, 'San+Mart%EDn', 'Picota+', 'San+Hilari%F3n'),
(174, 220708, 'San+Mart%EDn', 'Picota+', 'Shamboyacu'),
(174, 220709, 'San+Mart%EDn', 'Picota+', 'Tingo+de+Ponasa'),
(174, 220710, 'San+Mart%EDn', 'Picota+', 'Tres+Unidos'),
(174, 220800, 'San+Mart%EDn', 'Rioja+', ''),
(174, 220801, 'San+Mart%EDn', 'Rioja+', 'Rioja'),
(174, 220802, 'San+Mart%EDn', 'Rioja+', 'Awajun'),
(174, 220803, 'San+Mart%EDn', 'Rioja+', 'El%EDas+Soplin+Vargas'),
(174, 220804, 'San+Mart%EDn', 'Rioja+', 'Nueva+Cajamarca'),
(174, 220805, 'San+Mart%EDn', 'Rioja+', 'Pardo+Miguel'),
(174, 220806, 'San+Mart%EDn', 'Rioja+', 'Posic'),
(174, 220807, 'San+Mart%EDn', 'Rioja+', 'San+Fernando'),
(174, 220808, 'San+Mart%EDn', 'Rioja+', 'Yorongos'),
(174, 220809, 'San+Mart%EDn', 'Rioja+', 'Yuracyacu'),
(174, 220900, 'San+Mart%EDn', 'San+Mart%EDn+', ''),
(174, 220901, 'San+Mart%EDn', 'San+Mart%EDn+', 'Tarapoto'),
(174, 220902, 'San+Mart%EDn', 'San+Mart%EDn+', 'Alberto+Leveau'),
(174, 220903, 'San+Mart%EDn', 'San+Mart%EDn+', 'Cacatachi'),
(174, 220904, 'San+Mart%EDn', 'San+Mart%EDn+', 'Chazuta'),
(174, 220905, 'San+Mart%EDn', 'San+Mart%EDn+', 'Chipurana'),
(174, 220906, 'San+Mart%EDn', 'San+Mart%EDn+', 'El+Porvenir'),
(174, 220907, 'San+Mart%EDn', 'San+Mart%EDn+', 'Huimbayoc'),
(174, 220908, 'San+Mart%EDn', 'San+Mart%EDn+', 'Juan+Guerra'),
(174, 220909, 'San+Mart%EDn', 'San+Mart%EDn+', 'La+Banda+de+Shilcayo'),
(174, 220910, 'San+Mart%EDn', 'San+Mart%EDn+', 'Morales'),
(174, 220911, 'San+Mart%EDn', 'San+Mart%EDn+', 'Papaplaya'),
(174, 220912, 'San+Mart%EDn', 'San+Mart%EDn+', 'San+Antonio'),
(174, 220913, 'San+Mart%EDn', 'San+Mart%EDn+', 'Sauce'),
(174, 220914, 'San+Mart%EDn', 'San+Mart%EDn+', 'Shapaja'),
(174, 221000, 'San+Mart%EDn', 'Tocache+', ''),
(174, 221001, 'San+Mart%EDn', 'Tocache+', 'Tocache'),
(174, 221002, 'San+Mart%EDn', 'Tocache+', 'Nuevo+Progreso'),
(174, 221003, 'San+Mart%EDn', 'Tocache+', 'Polvora'),
(174, 221004, 'San+Mart%EDn', 'Tocache+', 'Shunte'),
(174, 221005, 'San+Mart%EDn', 'Tocache+', 'Uchiza'),
(174, 230000, 'Tacna', '', ''),
(174, 230100, 'Tacna', 'Tacna+', ''),
(174, 230101, 'Tacna', 'Tacna+', 'Tacna'),
(174, 230102, 'Tacna', 'Tacna+', 'Alto+de+la+Alianza'),
(174, 230103, 'Tacna', 'Tacna+', 'Calana'),
(174, 230104, 'Tacna', 'Tacna+', 'Ciudad+Nueva'),
(174, 230105, 'Tacna', 'Tacna+', 'Inclan'),
(174, 230106, 'Tacna', 'Tacna+', 'Pachia'),
(174, 230107, 'Tacna', 'Tacna+', 'Palca'),
(174, 230108, 'Tacna', 'Tacna+', 'Pocollay');
INSERT INTO `ubigeo` (`IdPais`, `IdUbigeo`, `Departamento`, `Provincia`, `Distrito`) VALUES
(174, 230109, 'Tacna', 'Tacna+', 'Sama'),
(174, 230110, 'Tacna', 'Tacna+', 'Coronel+Gregorio+Albarrac%EDn+Lanchipa'),
(174, 230200, 'Tacna', 'Candarave+', ''),
(174, 230201, 'Tacna', 'Candarave+', 'Candarave'),
(174, 230202, 'Tacna', 'Candarave+', 'Cairani'),
(174, 230203, 'Tacna', 'Candarave+', 'Camilaca'),
(174, 230204, 'Tacna', 'Candarave+', 'Curibaya'),
(174, 230205, 'Tacna', 'Candarave+', 'Huanuara'),
(174, 230206, 'Tacna', 'Candarave+', 'Quilahuani'),
(174, 230300, 'Tacna', 'Jorge+Basadre+', ''),
(174, 230301, 'Tacna', 'Jorge+Basadre+', 'Locumba'),
(174, 230302, 'Tacna', 'Jorge+Basadre+', 'Ilabaya'),
(174, 230303, 'Tacna', 'Jorge+Basadre+', 'Ite'),
(174, 230400, 'Tacna', 'Tarata+', ''),
(174, 230401, 'Tacna', 'Tarata+', 'Tarata'),
(174, 230402, 'Tacna', 'Tarata+', 'H%E9roes+Albarrac%EDn'),
(174, 230403, 'Tacna', 'Tarata+', 'Estique'),
(174, 230404, 'Tacna', 'Tarata+', 'Estique-Pampa'),
(174, 230405, 'Tacna', 'Tarata+', 'Sitajara'),
(174, 230406, 'Tacna', 'Tarata+', 'Susapaya'),
(174, 230407, 'Tacna', 'Tarata+', 'Tarucachi'),
(174, 230408, 'Tacna', 'Tarata+', 'Ticaco'),
(174, 240000, 'Tumbes', '', ''),
(174, 240100, 'Tumbes', 'Tumbes+', ''),
(174, 240101, 'Tumbes', 'Tumbes+', 'Tumbes'),
(174, 240102, 'Tumbes', 'Tumbes+', 'Corrales'),
(174, 240103, 'Tumbes', 'Tumbes+', 'La+Cruz'),
(174, 240104, 'Tumbes', 'Tumbes+', 'Pampas+de+Hospital'),
(174, 240105, 'Tumbes', 'Tumbes+', 'San+Jacinto'),
(174, 240106, 'Tumbes', 'Tumbes+', 'San+Juan+de+la+Virgen'),
(174, 240200, 'Tumbes', 'Contralmirante+Villar+', ''),
(174, 240201, 'Tumbes', 'Contralmirante+Villar+', 'Zorritos'),
(174, 240202, 'Tumbes', 'Contralmirante+Villar+', 'Casitas'),
(174, 240203, 'Tumbes', 'Contralmirante+Villar+', 'Canoas+de+Punta+Sal'),
(174, 240300, 'Tumbes', 'Zarumilla+', ''),
(174, 240301, 'Tumbes', 'Zarumilla+', 'Zarumilla'),
(174, 240302, 'Tumbes', 'Zarumilla+', 'Aguas+Verdes'),
(174, 240303, 'Tumbes', 'Zarumilla+', 'Matapalo'),
(174, 240304, 'Tumbes', 'Zarumilla+', 'Papayal'),
(174, 250000, 'Ucayali', '', ''),
(174, 250100, 'Ucayali', 'Coronel+Portillo+', ''),
(174, 250101, 'Ucayali', 'Coronel+Portillo+', 'Calleria'),
(174, 250102, 'Ucayali', 'Coronel+Portillo+', 'Campoverde'),
(174, 250103, 'Ucayali', 'Coronel+Portillo+', 'Iparia'),
(174, 250104, 'Ucayali', 'Coronel+Portillo+', 'Masisea'),
(174, 250105, 'Ucayali', 'Coronel+Portillo+', 'Yarinacocha'),
(174, 250106, 'Ucayali', 'Coronel+Portillo+', 'Nueva+Requena'),
(174, 250107, 'Ucayali', 'Coronel+Portillo+', 'Manantay'),
(174, 250200, 'Ucayali', 'Atalaya+', ''),
(174, 250201, 'Ucayali', 'Atalaya+', 'Raymondi'),
(174, 250202, 'Ucayali', 'Atalaya+', 'Sepahua'),
(174, 250203, 'Ucayali', 'Atalaya+', 'Tahuania'),
(174, 250204, 'Ucayali', 'Atalaya+', 'Yurua'),
(174, 250300, 'Ucayali', 'Padre+Abad+', ''),
(174, 250301, 'Ucayali', 'Padre+Abad+', 'Padre+Abad'),
(174, 250302, 'Ucayali', 'Padre+Abad+', 'Irazola'),
(174, 250303, 'Ucayali', 'Padre+Abad+', 'Curimana'),
(174, 250304, 'Ucayali', 'Padre+Abad+', 'Neshuya'),
(174, 250305, 'Ucayali', 'Padre+Abad+', 'Alexander+Von+Humboldt'),
(174, 250400, 'Ucayali', 'Pur%FAs', ''),
(174, 250401, 'Ucayali', 'Pur%FAs', 'Purus');

-- --------------------------------------------------------

--
-- Estructura de tabla para la tabla `ubigeo_departament`
--

CREATE TABLE `ubigeo_departament` (
  `id` int(11) NOT NULL,
  `id_pais` int(11) NOT NULL,
  `code` varchar(45) DEFAULT NULL,
  `name` varchar(500) DEFAULT NULL,
  `creation_date` datetime DEFAULT NULL
) ENGINE=InnoDB DEFAULT CHARSET=latin1;

--
-- Volcado de datos para la tabla `ubigeo_departament`
--

INSERT INTO `ubigeo_departament` (`id`, `id_pais`, `code`, `name`, `creation_date`) VALUES
(1, 174, '10', 'Amazonas', NULL),
(2, 174, '11', 'Ica', NULL),
(3, 174, '12', 'Junín', NULL),
(4, 174, '13', 'La Libertad', NULL),
(5, 174, '14', 'Lambayeque', NULL),
(6, 174, '15', 'Lima', NULL),
(7, 174, '16', 'Loreto', NULL),
(8, 174, '17', 'Madre de Dios', NULL),
(9, 174, '18', 'Moquegua', NULL),
(10, 174, '19', 'Pasco', NULL),
(11, 174, '20', 'Áncash', NULL),
(12, 174, '21', 'Áncash', NULL),
(13, 174, '22', 'Áncash', NULL),
(14, 174, '23', 'Tacna', NULL),
(15, 174, '24', 'Tumbes', NULL),
(16, 174, '25', 'Ucayali', NULL),
(17, 174, '30', 'Apurímac', NULL),
(18, 174, '40', 'Arequipa', NULL),
(19, 174, '50', 'Ayacucho', NULL),
(20, 174, '51', 'Ayacucho', NULL),
(21, 174, '60', 'Cajamarca', NULL),
(22, 174, '61', 'Cajamarca', NULL),
(23, 174, '70', 'Callao', NULL),
(24, 174, '80', 'Cusco', NULL),
(25, 174, '81', 'Cusco', NULL),
(26, 174, '90', 'Huancavelica', NULL);

-- --------------------------------------------------------

--
-- Estructura de tabla para la tabla `ubigeo_province`
--

CREATE TABLE `ubigeo_province` (
  `id` int(11) NOT NULL,
  `id_departament` int(11) NOT NULL,
  `code` varchar(45) DEFAULT NULL,
  `name` varchar(500) DEFAULT NULL,
  `creation_date` datetime DEFAULT NULL
) ENGINE=InnoDB DEFAULT CHARSET=latin1;

--
-- Volcado de datos para la tabla `ubigeo_province`
--

INSERT INTO `ubigeo_province` (`id`, `id_departament`, `code`, `name`, `creation_date`) VALUES
(1, 1, '00', '', NULL),
(2, 1, '10', 'Chachapoyas', NULL),
(3, 1, '11', 'Chachapoyas', NULL),
(4, 1, '12', 'Chachapoyas', NULL),
(5, 1, '20', 'Bagua', NULL),
(6, 1, '30', 'Bongar%E1', NULL),
(7, 1, '31', 'Bongar%E1', NULL),
(8, 1, '40', 'Condorcanqui', NULL),
(9, 1, '50', 'Luya', NULL),
(10, 1, '51', 'Luya', NULL),
(11, 1, '52', 'Luya', NULL),
(12, 1, '60', 'Rodr%EDguez+de+Mendoza', NULL),
(13, 1, '61', 'Rodr%EDguez+de+Mendoza', NULL),
(14, 1, '70', 'Utcubamba', NULL),
(15, 2, '00', '', NULL),
(16, 2, '01', 'Ica+', NULL),
(17, 2, '02', 'Chincha+', NULL),
(18, 2, '03', 'Nazca+', NULL),
(19, 2, '04', 'Palpa+', NULL),
(20, 2, '05', 'Pisco+', NULL),
(21, 4, '00', '', NULL),
(22, 4, '01', 'Trujillo+', NULL),
(23, 4, '02', 'Ascope+', NULL),
(24, 4, '03', 'Bol%EDvar+', NULL),
(25, 4, '04', 'Chep%E9n+', NULL),
(26, 4, '05', 'Julc%E1n+', NULL),
(27, 4, '06', 'Otuzco+', NULL),
(28, 4, '07', 'Pacasmayo+', NULL),
(29, 4, '08', 'Pataz+', NULL),
(30, 4, '09', 'S%E1nchez+Carri%F3n+', NULL),
(31, 4, '10', 'Santiago+de+Chuco+', NULL),
(32, 4, '11', 'Gran+Chim%FA+', NULL),
(33, 4, '12', 'Vir%FA+', NULL),
(34, 5, '00', '', NULL),
(35, 5, '01', 'Chiclayo+', NULL),
(36, 5, '02', 'Ferre%F1afe+', NULL),
(37, 5, '03', 'Lambayeque+', NULL),
(38, 6, '00', '', NULL),
(39, 6, '01', 'Lima+', NULL),
(40, 6, '02', 'Barranca+', NULL),
(41, 6, '03', 'Cajatambo+', NULL),
(42, 6, '04', 'Canta+', NULL),
(43, 6, '05', 'Ca%F1ete+', NULL),
(44, 6, '06', 'Huaral+', NULL),
(45, 6, '07', 'Huarochir%ED+', NULL),
(46, 6, '08', 'Huaura+', NULL),
(47, 6, '09', 'Oy%F3n+', NULL),
(48, 6, '10', 'Yauyos+', NULL),
(49, 7, '00', '', NULL),
(50, 7, '01', 'Maynas+', NULL),
(51, 7, '02', 'Alto+Amazonas+', NULL),
(52, 7, '03', 'Loreto+', NULL),
(53, 7, '04', 'Mariscal+Ram%F3n+Castilla+', NULL),
(54, 7, '05', 'Requena+', NULL),
(55, 7, '06', 'Ucayali+', NULL),
(56, 7, '07', 'Datem+del+Mara%F1%F3n+', NULL),
(57, 7, '08', 'Putumayo', NULL),
(58, 8, '00', '', NULL),
(59, 8, '01', 'Tambopata+', NULL),
(60, 8, '02', 'Manu+', NULL),
(61, 8, '03', 'Tahuamanu+', NULL),
(62, 9, '00', '', NULL),
(63, 9, '01', 'Mariscal+Nieto+', NULL),
(64, 9, '02', 'General+S%E1nchez+Cerro+', NULL),
(65, 9, '03', 'Ilo+', NULL),
(66, 10, '00', '', NULL),
(67, 10, '01', 'Pasco+', NULL),
(68, 10, '02', 'Daniel+Alcides+Carri%F3n+', NULL),
(69, 10, '03', 'Oxapampa+', NULL),
(70, 11, '00', '', NULL),
(71, 11, '10', 'Huaraz', NULL),
(72, 11, '11', 'Huaraz', NULL),
(73, 11, '20', 'Aija', NULL),
(74, 11, '30', 'Antonio+Raymondi', NULL),
(75, 11, '40', 'Asunci%F3n', NULL),
(76, 11, '50', 'Bolognesi', NULL),
(77, 11, '51', 'Bolognesi', NULL),
(78, 11, '60', 'Carhuaz', NULL),
(79, 11, '61', 'Carhuaz', NULL),
(80, 11, '70', 'Carlos+Ferm%EDn+Fitzcarrald', NULL),
(81, 11, '80', 'Casma', NULL),
(82, 11, '90', 'Corongo', NULL),
(83, 12, '00', 'Huari', NULL),
(84, 12, '01', 'Huari', NULL),
(85, 12, '10', 'Huarmey', NULL),
(86, 12, '20', 'Huaylas', NULL),
(87, 12, '21', 'Huaylas', NULL),
(88, 12, '30', 'Mariscal+Luzuriaga', NULL),
(89, 12, '40', 'Ocros', NULL),
(90, 12, '41', 'Ocros', NULL),
(91, 12, '50', 'Pallasca', NULL),
(92, 12, '51', 'Pallasca', NULL),
(93, 12, '60', 'Pomabamba', NULL),
(94, 12, '70', 'Recuay', NULL),
(95, 12, '71', 'Recuay', NULL),
(96, 12, '80', 'Santa', NULL),
(97, 12, '90', 'Sihuas', NULL),
(98, 12, '91', 'Sihuas', NULL),
(99, 13, '00', 'Yungay', NULL),
(100, 14, '00', '', NULL),
(101, 14, '01', 'Tacna+', NULL),
(102, 14, '02', 'Candarave+', NULL),
(103, 14, '03', 'Jorge+Basadre+', NULL),
(104, 14, '04', 'Tarata+', NULL),
(105, 15, '00', '', NULL),
(106, 15, '01', 'Tumbes+', NULL),
(107, 15, '02', 'Contralmirante+Villar+', NULL),
(108, 15, '03', 'Zarumilla+', NULL),
(109, 16, '00', '', NULL),
(110, 16, '01', 'Coronel+Portillo+', NULL),
(111, 16, '02', 'Atalaya+', NULL),
(112, 16, '03', 'Padre+Abad+', NULL),
(113, 16, '04', 'Pur%FAs', NULL),
(114, 18, '00', '', NULL),
(115, 18, '10', 'Arequipa', NULL),
(116, 18, '11', 'Arequipa', NULL),
(117, 18, '12', 'Arequipa', NULL),
(118, 18, '20', 'Caman%E1', NULL),
(119, 18, '30', 'Caravel%ED', NULL),
(120, 18, '31', 'Caravel%ED', NULL),
(121, 18, '40', 'Castilla', NULL),
(122, 18, '41', 'Castilla', NULL),
(123, 18, '50', 'Caylloma', NULL),
(124, 18, '51', 'Caylloma', NULL),
(125, 18, '52', 'Caylloma', NULL),
(126, 18, '60', 'Condesuyos', NULL),
(127, 18, '70', 'Islay', NULL),
(128, 18, '80', 'La+Uni%F2n', NULL),
(129, 18, '81', 'La+Uni%F2n', NULL),
(130, 19, '00', '', NULL),
(131, 19, '10', 'Huamanga', NULL),
(132, 19, '11', 'Huamanga', NULL),
(133, 19, '20', 'Cangallo', NULL),
(134, 19, '30', 'Huanca+Sancos', NULL),
(135, 19, '40', 'Huanta', NULL),
(136, 19, '41', 'Huanta', NULL),
(137, 19, '50', 'La+Mar', NULL),
(138, 19, '51', 'La+Mar', NULL),
(139, 19, '60', 'Lucanas', NULL),
(140, 19, '61', 'Lucanas', NULL),
(141, 19, '62', 'Lucanas', NULL),
(142, 19, '70', 'Parinacochas', NULL),
(143, 19, '80', 'P%E0ucar+del+Sara+Sara', NULL),
(144, 19, '81', 'P%E0ucar+del+Sara+Sara', NULL),
(145, 19, '90', 'Sucre', NULL),
(146, 19, '91', 'Sucre', NULL),
(147, 20, '00', 'V%EDctor+Fajardo', NULL),
(148, 20, '01', 'V%EDctor+Fajardo', NULL),
(149, 20, '10', 'Vilcas+Huam%E1n', NULL),
(150, 21, '00', '', NULL),
(151, 21, '10', 'Cajamarca', NULL),
(152, 21, '11', 'Cajamarca', NULL),
(153, 21, '20', 'Cajabamba', NULL),
(154, 21, '30', 'Celend%EDn', NULL),
(155, 21, '31', 'Celend%EDn', NULL),
(156, 21, '40', 'Chota', NULL),
(157, 21, '41', 'Chota', NULL),
(158, 21, '50', 'Contumaz%E1', NULL),
(159, 21, '60', 'Cutervo', NULL),
(160, 21, '61', 'Cutervo', NULL),
(161, 21, '70', 'Hualgayoc', NULL),
(162, 21, '80', 'Ja%E9n', NULL),
(163, 21, '81', 'Ja%E9n', NULL),
(164, 21, '90', 'San+Ignacio', NULL),
(165, 22, '00', 'San+Marcos', NULL),
(166, 22, '10', 'San+Miguel', NULL),
(167, 22, '11', 'San+Miguel', NULL),
(168, 22, '20', 'San+Pablo', NULL),
(169, 22, '30', 'Santa+Cruz', NULL),
(170, 22, '31', 'Santa+Cruz', NULL),
(171, 23, '00', '', NULL),
(172, 23, '10', 'Prov.+Const.+del+Callao', NULL),
(173, 24, '00', '', NULL),
(174, 24, '10', 'Cusco', NULL),
(175, 24, '20', 'Acomayo', NULL),
(176, 24, '30', 'Anta', NULL),
(177, 24, '40', 'Calca', NULL),
(178, 24, '50', 'Canas', NULL),
(179, 24, '60', 'Canchis', NULL),
(180, 24, '70', 'Chumbivilcas', NULL),
(181, 24, '80', 'Espinar', NULL),
(182, 24, '90', 'La+Convenci%F3n', NULL),
(183, 24, '91', 'La+Convenci%F3n', NULL),
(184, 25, '00', 'Paruro', NULL),
(185, 25, '10', 'Paucartambo', NULL),
(186, 25, '20', 'Quispicanchi', NULL),
(187, 25, '21', 'Quispicanchi', NULL),
(188, 25, '30', 'Urubamba', NULL),
(189, 26, '00', '', NULL),
(190, 26, '10', 'Huancavelica', NULL),
(191, 26, '11', 'Huancavelica', NULL),
(192, 26, '20', 'Acobamba', NULL),
(193, 26, '30', 'Angaraes', NULL),
(194, 26, '31', 'Angaraes', NULL),
(195, 26, '40', 'Castrovirreyna', NULL),
(196, 26, '41', 'Castrovirreyna', NULL),
(197, 26, '50', 'Churcampa', NULL),
(198, 26, '51', 'Churcampa', NULL),
(199, 26, '60', 'Huaytar%E1', NULL),
(200, 26, '61', 'Huaytar%E1', NULL),
(201, 26, '70', 'Tayacaja', NULL),
(202, 26, '71', 'Tayacaja', NULL),
(203, 26, '72', 'Tayacaja', NULL);

-- --------------------------------------------------------

--
-- Estructura de tabla para la tabla `unit_measurement`
--

CREATE TABLE `unit_measurement` (
  `id` int(11) NOT NULL,
  `codigo_numero` varchar(5) DEFAULT NULL,
  `codigo` varchar(10) DEFAULT NULL,
  `nombre` varchar(100) CHARACTER SET utf8mb4 COLLATE utf8mb4_unicode_ci DEFAULT NULL
) ENGINE=InnoDB DEFAULT CHARSET=latin1;

--
-- Volcado de datos para la tabla `unit_measurement`
--

INSERT INTO `unit_measurement` (`id`, `codigo_numero`, `codigo`, `nombre`) VALUES
(1, '01', 'Kg', 'KILOGRAMOS'),
(2, '02', 'Lb', 'LIBRAS'),
(3, '03', 'Tn', 'TONELADAS LARGAS'),
(4, '04', 'Tn', 'TONELADAS MÉTRICAS'),
(5, '05', 'Tn', 'TONELADAS CORTAS'),
(6, '06', 'Gr', 'GRAMOS'),
(7, '07', 'Uni', 'UNIDADES'),
(8, '08', 'Lt', 'LITROS'),
(9, '09', 'Gl', 'GALONES'),
(10, '10', 'BA', 'BARRILES'),
(11, '11', 'CI', 'LATAS'),
(12, '12', 'Cja', 'CAJAS'),
(13, '13', 'Mill', 'MILLARES'),
(14, '14', 'mt3', 'METROS CÚBICOS'),
(15, '15', 'mt', 'METROS'),
(16, '99', 'Uni', 'OTROS (ESPECIFICAR)');

-- --------------------------------------------------------

--
-- Estructura de tabla para la tabla `users`
--

CREATE TABLE `users` (
  `id` int(11) NOT NULL,
  `company_id` int(11) NOT NULL,
  `user_name` varchar(250) NOT NULL,
  `password` varchar(500) NOT NULL,
  `level` int(11) NOT NULL DEFAULT '4' COMMENT '1=>root,2=>admin,3=>manager,4=>usuario',
  `state` int(11) DEFAULT '1'
) ENGINE=InnoDB DEFAULT CHARSET=latin1;

--
-- Volcado de datos para la tabla `users`
--

INSERT INTO `users` (`id`, `company_id`, `user_name`, `password`, `level`, `state`) VALUES
(1, 2, 'conta.deiconsac@gmail.com', '123456', 4, 1),
(2, 1, 'smart@sac.com', '123456', 4, 1),
(3, 1, 'test@deincon.com', '123456', 1, 1),
(4, 9, 'william@gofacturas.com', '0123456', 4, 1),
(5, 10, 'homologador@gofacturas.com', '123456', 4, 1),
(6, 1, 'demo@gofacturas.com', '12345678', 4, 1),
(7, 87, 'lomfino@gofacturas.com', '123456', 4, 1);

--
-- Índices para tablas volcadas
--

--
-- Indices de la tabla `coins`
--
ALTER TABLE `coins`
  ADD PRIMARY KEY (`id`);

--
-- Indices de la tabla `companys`
--
ALTER TABLE `companys`
  ADD PRIMARY KEY (`id`);

--
-- Indices de la tabla `invoice_config`
--
ALTER TABLE `invoice_config`
  ADD PRIMARY KEY (`id`),
  ADD KEY `company_id` (`company_id`);

--
-- Indices de la tabla `master_detail`
--
ALTER TABLE `master_detail`
  ADD PRIMARY KEY (`id`),
  ADD KEY `id_master_table` (`id_master_table`);

--
-- Indices de la tabla `master_table`
--
ALTER TABLE `master_table`
  ADD PRIMARY KEY (`id`),
  ADD KEY `id_pais` (`id_pais`);

--
-- Indices de la tabla `modules`
--
ALTER TABLE `modules`
  ADD PRIMARY KEY (`id`);

--
-- Indices de la tabla `modulos`
--
ALTER TABLE `modulos`
  ADD PRIMARY KEY (`IdModulo`);

--
-- Indices de la tabla `operations_type`
--
ALTER TABLE `operations_type`
  ADD PRIMARY KEY (`id`);

--
-- Indices de la tabla `paises`
--
ALTER TABLE `paises`
  ADD PRIMARY KEY (`id`);

--
-- Indices de la tabla `ubigeo`
--
ALTER TABLE `ubigeo`
  ADD PRIMARY KEY (`IdUbigeo`),
  ADD KEY `IdUbigeo` (`IdUbigeo`);

--
-- Indices de la tabla `ubigeo_departament`
--
ALTER TABLE `ubigeo_departament`
  ADD PRIMARY KEY (`id`),
  ADD KEY `id_pais` (`id_pais`);

--
-- Indices de la tabla `ubigeo_province`
--
ALTER TABLE `ubigeo_province`
  ADD PRIMARY KEY (`id`),
  ADD KEY `id_departament` (`id_departament`);

--
-- Indices de la tabla `unit_measurement`
--
ALTER TABLE `unit_measurement`
  ADD PRIMARY KEY (`id`);

--
-- Indices de la tabla `users`
--
ALTER TABLE `users`
  ADD PRIMARY KEY (`id`),
  ADD KEY `company_id` (`company_id`);

--
-- AUTO_INCREMENT de las tablas volcadas
--

--
-- AUTO_INCREMENT de la tabla `coins`
--
ALTER TABLE `coins`
  MODIFY `id` int(11) NOT NULL AUTO_INCREMENT, AUTO_INCREMENT=3;

--
-- AUTO_INCREMENT de la tabla `companys`
--
ALTER TABLE `companys`
  MODIFY `id` int(11) NOT NULL AUTO_INCREMENT;

--
-- AUTO_INCREMENT de la tabla `invoice_config`
--
ALTER TABLE `invoice_config`
  MODIFY `id` int(11) NOT NULL AUTO_INCREMENT;

--
-- AUTO_INCREMENT de la tabla `master_detail`
--
ALTER TABLE `master_detail`
  MODIFY `id` int(11) NOT NULL AUTO_INCREMENT, AUTO_INCREMENT=46;

--
-- AUTO_INCREMENT de la tabla `master_table`
--
ALTER TABLE `master_table`
  MODIFY `id` int(11) NOT NULL AUTO_INCREMENT, AUTO_INCREMENT=10;

--
-- AUTO_INCREMENT de la tabla `modules`
--
ALTER TABLE `modules`
  MODIFY `id` int(11) NOT NULL AUTO_INCREMENT, AUTO_INCREMENT=22;

--
-- AUTO_INCREMENT de la tabla `operations_type`
--
ALTER TABLE `operations_type`
  MODIFY `id` int(11) NOT NULL AUTO_INCREMENT, AUTO_INCREMENT=4;

--
-- AUTO_INCREMENT de la tabla `paises`
--
ALTER TABLE `paises`
  MODIFY `id` int(11) NOT NULL AUTO_INCREMENT, AUTO_INCREMENT=241;

--
-- AUTO_INCREMENT de la tabla `ubigeo_departament`
--
ALTER TABLE `ubigeo_departament`
  MODIFY `id` int(11) NOT NULL AUTO_INCREMENT, AUTO_INCREMENT=27;

--
-- AUTO_INCREMENT de la tabla `ubigeo_province`
--
ALTER TABLE `ubigeo_province`
  MODIFY `id` int(11) NOT NULL AUTO_INCREMENT, AUTO_INCREMENT=204;

--
-- AUTO_INCREMENT de la tabla `unit_measurement`
--
ALTER TABLE `unit_measurement`
  MODIFY `id` int(11) NOT NULL AUTO_INCREMENT, AUTO_INCREMENT=17;

--
-- AUTO_INCREMENT de la tabla `users`
--
ALTER TABLE `users`
  MODIFY `id` int(11) NOT NULL AUTO_INCREMENT, AUTO_INCREMENT=8;

--
-- Restricciones para tablas volcadas
--

--
-- Filtros para la tabla `invoice_config`
--
ALTER TABLE `invoice_config`
  ADD CONSTRAINT `invoice_config_ibfk_1` FOREIGN KEY (`company_id`) REFERENCES `companys` (`id`);

--
-- Filtros para la tabla `master_detail`
--
ALTER TABLE `master_detail`
  ADD CONSTRAINT `master_detail_ibfk_1` FOREIGN KEY (`id_master_table`) REFERENCES `master_table` (`id`);

--
-- Filtros para la tabla `master_table`
--
ALTER TABLE `master_table`
  ADD CONSTRAINT `master_table_ibfk_1` FOREIGN KEY (`id_pais`) REFERENCES `paises` (`id`);

--
-- Filtros para la tabla `ubigeo_departament`
--
ALTER TABLE `ubigeo_departament`
  ADD CONSTRAINT `ubigeo_departament_ibfk_1` FOREIGN KEY (`id_pais`) REFERENCES `paises` (`id`);

--
-- Filtros para la tabla `ubigeo_province`
--
ALTER TABLE `ubigeo_province`
  ADD CONSTRAINT `ubigeo_province_ibfk_1` FOREIGN KEY (`id_departament`) REFERENCES `ubigeo_departament` (`id`);

--
-- Filtros para la tabla `users`
--
ALTER TABLE `users`
  ADD CONSTRAINT `users_ibfk_1` FOREIGN KEY (`company_id`) REFERENCES `companys` (`id`);
COMMIT;

/*!40101 SET CHARACTER_SET_CLIENT=@OLD_CHARACTER_SET_CLIENT */;
/*!40101 SET CHARACTER_SET_RESULTS=@OLD_CHARACTER_SET_RESULTS */;
/*!40101 SET COLLATION_CONNECTION=@OLD_COLLATION_CONNECTION */;
